SpineBase_x,SpineBase_y,SpineBase_z,SpineMid_x,SpineMid_y,SpineMid_z,Neck_x,Neck_y,Neck_z,Head_x,Head_y,Head_z,ShoulderLeft_x,ShoulderLeft_y,ShoulderLeft_z,ElbowLeft_x,ElbowLeft_y,ElbowLeft_z,WristLeft_x,WristLeft_y,WristLeft_z,HandLeft_x,HandLeft_y,HandLeft_z,ShoulderRight_x,ShoulderRight_y,ShoulderRight_z,ElbowRight_x,ElbowRight_y,ElbowRight_z,WristRight_x,WristRight_y,WristRight_z,HandRight_x,HandRight_y,HandRight_z,HipLeft_x,HipLeft_y,HipLeft_z,KneeLeft_x,KneeLeft_y,KneeLeft_z,AnkleLeft_x,AnkleLeft_y,AnkleLeft_z,FootLeft_x,FootLeft_y,FootLeft_z,HipRight_x,HipRight_y,HipRight_z,KneeRight_x,KneeRight_y,KneeRight_z,AnkleRight_x,AnkleRight_y,AnkleRight_z,FootRight_x,FootRight_y,FootRight_z,SpineShoulder_x,SpineShoulder_y,SpineShoulder_z,HandTipLeft_x,HandTipLeft_y,HandTipLeft_z,ThumbLeft_x,ThumbLeft_y,ThumbLeft_z,HandTipRight_x,HandTipRight_y,HandTipRight_z,ThumbRight_x,ThumbRight_y,ThumbRight_z
-0.1294895,0.0335585,1.598657,0.1000749,0.02827549,1.635407,0.321916,0.02233978,1.664791,0.4173658,-0.002109528,1.664948,0.2192517,0.1488595,1.628444,0.08938026,0.09973925,1.510991,0.06443247,-0.03713309,1.474765,0.05777545,-0.06934774,1.492665,0.3026881,-0.05461873,1.631703,0.4702276,-0.07187107,1.582886,0.6246709,-0.02348442,1.632014,0.6640077,0.004732336,1.66697,-0.1329711,0.06507942,1.5624,-0.3944884,0.1933917,1.548285,-0.6318911,0.1016869,1.616068,-0.6059068,0.05805266,1.532438,-0.1223866,0.0008756629,1.589525,-0.3987799,-0.05262533,1.484927,-0.6242344,-0.0170711,1.610453,-0.5982981,-0.05916749,1.526765,0.2673616,0.02394586,1.658961,0.07251235,-0.1125504,1.460211,0.02543558,-0.07977789,1.507606,0.6606013,0.01349015,1.663102,0.6555654,0.01284754,1.657656
-0.1292179,0.0332202,1.598482,0.09999578,0.02784309,1.635232,0.3221156,0.02207721,1.664316,0.4174841,-0.002916105,1.664642,0.2190209,0.1482684,1.626178,0.08330013,0.1198365,1.508564,0.06394789,-0.03860403,1.471268,0.06040292,-0.07480366,1.489817,0.302691,-0.05439981,1.632097,0.4699011,-0.07347892,1.582699,0.6238986,-0.02475231,1.632754,0.6632356,0.003464673,1.66771,-0.1323146,0.06411419,1.562468,-0.3964112,0.1877347,1.540317,-0.6285865,0.08962309,1.615818,-0.6027414,0.04612572,1.532149,-0.1221838,0.001201466,1.588812,-0.398635,-0.0527964,1.484731,-0.6235706,-0.01595377,1.610785,-0.5977497,-0.05808248,1.527076,0.2674925,0.0236163,1.658541,0.07252505,-0.1137275,1.460487,0.02570093,-0.06963716,1.505621,0.6599973,0.01224703,1.664224,0.6553503,0.01233238,1.657879
-0.1232672,0.03555689,1.598457,0.1018748,0.02987394,1.63622,0.3209747,0.0233958,1.6664,0.4184326,0.002865594,1.669471,0.2181925,0.1504181,1.631224,0.09664714,0.1328878,1.51525,0.06929947,-0.03698776,1.477876,0.06037512,-0.07475594,1.492071,0.3028652,-0.055553,1.630284,0.4712982,-0.07345048,1.586128,0.6251881,-0.02496713,1.636654,0.6645247,0.003249271,1.67161,-0.1268583,0.06628843,1.567909,-0.3932517,0.1851881,1.539419,-0.6257392,0.09377959,1.621132,-0.5991681,0.05023817,1.537659,-0.1173355,0.002245119,1.584733,-0.3944095,-0.0521613,1.482828,-0.6141127,-0.005075363,1.614282,-0.6934323,-0.01634251,1.608722,0.2668974,0.02503312,1.66026,0.07477079,-0.1143076,1.464562,0.0328494,-0.0747925,1.509852,0.6611225,0.01201236,1.667741,0.6560981,0.012485,1.662316
-0.1199764,0.05013001,1.598201,0.1078233,0.03882307,1.633852,0.3294487,0.02814137,1.660529,0.4281156,0.02613834,1.659735,0.2201346,0.1509403,1.615379,0.08637884,0.158777,1.499481,0.07982231,0.03870105,1.44487,0.07985332,0.005089947,1.472965,0.3072922,-0.06100439,1.614189,0.4663987,-0.08278206,1.539758,0.6159768,-0.03143304,1.590062,0.6553167,-0.003208501,1.625017,-0.1205229,0.08340023,1.569259,-0.402862,0.1518862,1.514119,-0.6199086,0.1704138,1.655561,-0.5945069,0.1258934,1.571827,-0.1160845,0.01573592,1.580299,-0.396023,-0.04099201,1.491386,-0.6198152,-0.01717603,1.622082,-0.5942363,-0.05931606,1.538305,0.2748391,0.03074547,1.655405,0.08399116,-0.03030644,1.468241,0.05708507,0.01365441,1.479909,0.6518847,0.005579237,1.621161,0.646624,0.005552878,1.613336
-0.1159722,-0.15561,1.987009,-0.3235797,-0.162085,2.016146,-0.5182216,-0.1662956,2.035549,-0.6022462,-0.09322931,2.034964,-0.5679234,-0.2194962,1.988495,-0.5255921,-0.2347817,1.780502,-0.5224536,-0.08723076,1.799529,-0.5258714,-0.06441479,1.82581,-0.502009,-0.1409257,2.07172,-0.3057656,-0.09236359,2.095255,-0.1569252,-0.04542091,1.958849,-0.1154433,-0.03740523,1.942731,-0.1223479,-0.1917829,1.942062,0.1735859,-0.2310489,1.818068,0.4935522,-0.2829908,1.74485,0.4761859,-0.3654382,1.701041,-0.1027584,-0.1146712,1.978551,0.1789823,-0.01605034,1.853065,0.3412446,-0.1498611,1.970403,0.3614646,-0.2027373,1.861441,-0.4705341,-0.1650269,2.032373,-0.5414384,-0.04463852,1.846826,-0.5288143,-0.05654282,1.789437,-0.07939664,-0.02341185,1.933273,-0.06617105,-0.07314608,1.965385
-0.1050481,-0.03930606,1.27311,0.16782,-0.04652416,1.27951,0.4305211,-0.05638763,1.295095,0.5369802,-0.05122551,1.319039,0.2603119,0.06874372,1.266096,0.2565588,-0.07927881,1.189026,0.134944,-0.1219733,1.085062,0.1225713,-0.08403733,1.085783,0.2988356,-0.09462334,1.185861,0.5049045,-0.09911952,1.22624,0.3031508,-0.05488502,1.146963,0.2195648,-0.04939903,1.136657,-0.08916055,-0.001084842,1.257525,-0.3738492,-0.1102134,1.42062,-0.5689193,0.05182432,1.457047,-0.6438353,-0.001870722,1.452363,-0.1166386,-0.07510954,1.230175,-0.3689388,0.1917958,1.216442,-0.6148834,-0.002120403,1.35974,-0.5908095,-0.06421424,1.27234,0.3663818,-0.05368101,1.290813,0.1186654,-0.07600174,1.067261,0.1082621,-0.08375246,1.0883,0.1736447,-0.02671829,1.086802,0.2287747,-0.09185404,1.097595
-0.09715445,-0.008783746,1.467934,0.1717376,-0.02757263,1.441987,0.4306753,-0.04529972,1.406402,0.5323605,-0.0170725,1.4484,0.252041,0.1006661,1.42185,0.242045,0.0009149513,1.531982,0.1892573,0.01502815,1.316548,0.222073,-0.02529265,1.233275,0.3084193,-0.09169442,1.307292,0.1958331,-0.1459422,1.191445,0.248216,-0.0002092426,1.222698,0.2662348,0.01304933,1.240592,-0.09144878,0.02480383,1.454708,-0.3920902,-0.09010909,1.589119,-0.5427489,-0.09661364,1.37277,-0.6314987,-0.1109336,1.366975,-0.09876837,-0.04209786,1.424309,-0.3887394,0.181217,1.376621,-0.656023,-0.02815441,1.446196,-0.6422735,-0.09659038,1.364401,0.3671872,-0.04103663,1.416849,0.2193055,-0.02832074,1.210592,0.2159835,-0.02928734,1.21908,0.2763148,0.03905072,1.281703,0.2534328,0.03108882,1.253731
-0.09585518,-0.01001386,1.468553,0.1731613,-0.02836694,1.442463,0.4315482,-0.04575066,1.406296,0.5329897,-0.01656281,1.448952,0.2524372,0.1014084,1.421448,0.2424514,0.001743421,1.5316,0.1896145,0.01574161,1.31612,0.1724782,0.02042636,1.247426,0.3084464,-0.09221213,1.306528,0.1962016,-0.1458579,1.190197,0.2481421,-0.0007963426,1.224243,0.2591612,-0.007462992,1.221097,-0.09037356,0.02353233,1.4546,-0.3916574,-0.08719634,1.590472,-0.5348838,-0.09475928,1.369012,-0.6231371,-0.1081583,1.366204,-0.09727321,-0.04346422,1.425028,-0.3873614,0.1798674,1.377533,-0.656896,-0.02623803,1.447848,-0.6432153,-0.09451507,1.365685,0.3683558,-0.04156751,1.416937,0.1706835,0.01736177,1.22554,0.162704,0.01028734,1.222169,0.2830736,0.03213602,1.245301,0.2828038,-0.01633203,1.219462
-0.0945985,-0.01894395,1.346654,0.1562663,-0.01087686,1.355876,0.3949744,-0.006521665,1.355972,0.5052833,-0.01334403,1.403843,0.3043415,0.06601531,1.299915,0.2719154,-0.06600786,1.373222,0.3658827,0.01254824,1.264197,0.3626188,0.06068047,1.275731,0.3397925,-0.07201582,1.253156,0.4806371,0.005732774,1.345973,0.3304234,0.154933,1.287734,0.2781247,0.1233421,1.304591,-0.1060255,0.01499167,1.322351,-0.4648573,0.02106467,1.368882,-0.8849692,0.06514788,1.345028,-0.859854,0.01153747,1.251778,-0.07961771,-0.05245395,1.316654,-0.3600439,-0.1315928,1.402196,-0.7063841,-0.1217197,1.425156,-0.6841001,-0.172224,1.330345,0.3369044,-0.006944489,1.357442,0.3619882,0.099262,1.265853,0.379652,0.04921678,1.28985,0.2406325,0.1221286,1.330091,0.2665635,0.1043582,1.266407
-0.09363368,-0.01445281,1.454425,0.152286,-0.03251172,1.414707,0.3889574,-0.04879512,1.367127,0.5138454,-0.03735111,1.39051,0.2466597,0.104819,1.444849,0.2172367,-0.05366956,1.444171,0.1655522,-0.03345066,1.229063,0.1492827,-0.05882904,1.194826,0.2861254,-0.11019,1.279267,0.143066,-0.1374008,1.19453,0.2278864,0.02339786,1.249139,0.2624895,0.0612024,1.282423,-0.08745132,0.01920007,1.437162,-0.3949226,-0.1016489,1.555359,-0.6445847,-0.04644637,1.56444,-0.7232926,-0.08029851,1.502603,-0.0959299,-0.04683589,1.417671,-0.3790631,0.1761872,1.318184,-0.6431847,-0.02192649,1.419384,-0.6324879,-0.101401,1.354851,0.3311471,-0.04487115,1.380571,0.1340634,-0.08439851,1.168094,0.1052204,-0.08177065,1.193889,0.2977281,0.09056864,1.294439,0.2548935,0.09515665,1.2575
-0.09264243,-0.004883977,1.343452,0.1545444,-0.004856098,1.353259,0.3912542,-0.004788675,1.35486,0.5015401,-0.01169633,1.402227,0.3047648,0.06656129,1.299681,0.2723919,-0.06543566,1.373133,0.3663563,0.01310332,1.264212,0.3626742,0.06182865,1.277276,0.3546913,-0.06188233,1.281489,0.4787796,0.005048369,1.342479,0.3286173,0.1542354,1.284333,0.2760544,0.1243999,1.307669,-0.1052189,0.02980366,1.323126,-0.4576322,0.1314416,1.320088,-0.8171163,0.2451862,1.311638,-0.7917898,0.1946818,1.214542,-0.07934637,-0.03988441,1.312076,-0.3277111,-0.1359746,1.368461,-0.6714823,-0.1244192,1.41103,-0.6486251,-0.168714,1.312307,0.333242,-0.004800825,1.356041,0.3629437,0.09951454,1.269624,0.3806533,0.05784832,1.292703,0.2360599,0.1172603,1.322677,0.2709608,0.103893,1.263471
-0.09199998,-0.02517747,1.329351,0.1698941,-0.01695399,1.347629,0.4215051,-0.009470877,1.354843,0.5258205,-0.024506,1.399919,0.3036921,0.05738403,1.293114,0.3106872,-0.0615503,1.386114,0.3858339,0.02097909,1.26523,0.3725583,0.06700368,1.264929,0.3409694,-0.07281951,1.250924,0.478543,-0.0001509488,1.338185,0.3282759,0.1491132,1.279883,0.2791388,0.1989105,1.263216,-0.09867694,0.009738041,1.305256,-0.4479163,-0.05868437,1.35849,-0.6829234,-0.06024704,1.245349,-0.760916,-0.09189407,1.255131,-0.08153704,-0.0590779,1.29844,-0.4459916,-0.03959496,1.306335,-0.8742723,-0.115441,1.307658,-0.8746259,-0.147615,1.219753,0.3600931,-0.01133556,1.354617,0.3660716,0.09675157,1.250638,0.3876351,0.0660078,1.276444,0.2410596,0.2041869,1.297317,0.2774711,0.1836558,1.223883
-0.09137768,-0.02499326,1.330241,0.1730262,-0.01704457,1.34806,0.4266437,-0.009370281,1.355118,0.5308855,-0.02575138,1.401375,0.3034575,0.05749759,1.292735,0.3155189,-0.05886768,1.38773,0.3859628,0.02490755,1.26466,0.3687692,0.06828044,1.261368,0.3382705,-0.07270097,1.251092,0.4776736,-0.001108262,1.33749,0.3273667,0.1481811,1.279116,0.2782236,0.1979853,1.262449,-0.09826986,0.00994426,1.305765,-0.4278516,-0.08264493,1.394355,-0.5408565,0.001267217,1.171559,-0.6177453,-0.03333403,1.18462,-0.08066238,-0.05891963,1.299272,-0.4434986,-0.04364134,1.302508,-0.8688921,-0.1151036,1.301026,-0.8690917,-0.1471817,1.213057,0.3647424,-0.01129947,1.354963,0.3625386,0.09815134,1.248507,0.3848871,0.06532307,1.273453,0.2401306,0.2032559,1.296482,0.2767708,0.1829016,1.223087
-0.05948754,-0.1615892,1.98248,-0.2814269,-0.1774672,2.010259,-0.4987619,-0.1918229,2.028922,-0.6415937,-0.1867419,2.059708,-0.531543,-0.2407511,1.983798,-0.3801675,-0.2531132,1.835706,-0.2857206,-0.1348787,1.825553,-0.3032193,-0.1020327,1.873141,-0.4733812,-0.1522283,2.068783,-0.2935412,-0.06170283,2.015566,-0.1660065,-0.03507852,2.160972,-0.1239549,-0.02630037,2.212357,-0.06439792,-0.1983684,1.943138,0.2344043,-0.2139315,1.818716,0.5533926,-0.2805464,1.720467,0.5319884,-0.3608306,1.669004,-0.05368535,-0.1207601,1.967476,0.220018,0.02840307,1.893809,0.3262675,-0.2232712,1.972412,0.3208885,-0.1256307,1.927981,-0.4451747,-0.1884641,2.025927,-0.3055528,-0.06821731,1.887513,-0.282729,-0.1195395,1.898333,-0.1197829,-0.04197366,2.223865,-0.1076972,-0.01787766,2.179797
-0.05935803,0.00483402,1.575425,0.1517559,0.02647396,1.61541,0.3569353,0.04499761,1.640486,0.4518189,0.08684015,1.685933,0.2345253,0.1170622,1.558156,0.09851169,0.132332,1.466446,0.03917465,0.02225153,1.425974,0.04133229,-0.01014338,1.447372,0.3059996,-0.04397336,1.631522,0.461467,-0.07409401,1.551634,0.5431194,-0.1550072,1.490688,0.6011547,-0.1431919,1.480713,-0.07279383,0.04537184,1.553051,-0.3581532,-0.003232902,1.479717,-0.619786,0.01920315,1.429493,-0.5924174,-0.03094676,1.352214,-0.04198198,-0.03756717,1.548494,-0.330142,-0.002948571,1.476965,-0.5845266,-0.02792981,1.54019,-0.5581248,-0.07742135,1.46252,0.3064119,0.039012,1.635335,0.04306223,-0.04871548,1.442789,0.01530156,0.005955896,1.462143,0.5430085,-0.1485573,1.47455,0.6009075,-0.1646613,1.438457
-0.05870145,-0.09512141,2.314537,-0.0357245,-0.07935512,2.282029,-0.02309105,-0.06028798,2.220053,0.0335017,0.01232508,2.30504,-0.06143767,-0.2342266,2.291043,-0.2048839,-0.1248109,2.256287,-0.1050402,-0.1603898,2.448837,-0.07214167,-0.1724508,2.516809,-0.0003269384,-0.1243669,2.178385,0.03394061,0.003365962,2.364581,0.1480357,0.007871973,2.140536,0.1628325,0.01951353,2.034238,-0.004962859,-0.1520736,2.440348,-0.1033963,0.02747465,2.166167,0.08647121,-0.1234773,1.856642,0.08370797,-0.2018344,1.884971,-0.1078159,-0.03677543,2.108805,-0.1750617,0.07725302,2.349142,-0.03316179,-0.01115809,1.993577,-0.0337824,-0.09157754,2.0218,-0.02811096,-0.07059051,2.239229,-0.07234153,-0.1648334,2.519247,-0.07175905,-0.1750828,2.481786,0.2080017,0.01975803,1.971107,0.12417,-0.02512648,2.010556
-0.05740232,-0.04035547,1.611318,0.09406232,0.10647,1.673084,0.2502305,0.2399899,1.720129,0.2813973,0.3109963,1.76293,0.1594557,0.1521376,1.603887,0.09991852,0.04770278,1.466326,0.230817,-0.06696986,1.459013,0.2731592,-0.07133471,1.475838,0.2743843,0.0915931,1.894559,0.326698,0.003368109,1.967017,0.4248434,-0.02592241,1.845345,0.4933218,-0.07742696,1.77134,-0.09421049,-0.0314325,1.634847,-0.3313359,-0.05514211,1.440614,-0.5864775,-0.05896379,1.356559,-0.5309615,-0.1162629,1.314082,-0.018874,-0.0481449,1.541702,-0.2973284,-0.01551848,1.427688,-0.5496733,0.007228798,1.499078,-0.4953325,-0.0510686,1.456113,0.2096527,0.2097357,1.70937,0.3058223,-0.07991,1.497877,0.2472379,-0.08665679,1.477143,0.4869817,-0.07680854,1.75712,0.4934175,-0.06174611,1.772779
-0.05404257,-0.87388,2.021351,-0.2657033,-0.8417772,1.913093,-0.4785157,-0.8045737,1.797221,-0.5802842,-0.7495174,1.779472,-0.4388874,-0.9994428,1.615367,-0.3173154,-0.8144987,1.468369,-0.392885,-0.6921253,1.23446,-0.4283667,-0.652649,1.177834,-0.4782032,-0.7489094,1.907534,-0.4058932,-0.7244335,1.638993,-0.3475155,-0.7269387,1.370682,-0.3671398,-0.724766,1.346194,-0.02495891,-0.9096934,1.94497,-0.1105458,-1.187586,1.840062,-0.2160537,-1.541775,1.738427,-0.2185715,-1.578753,1.627855,-0.08331124,-0.8153838,2.043971,-0.02357682,-1.037839,1.747708,0.03003387,-1.246643,1.495079,0.07042665,-1.196189,1.375642,-0.425153,-0.8148658,1.82808,-0.4307461,-0.6001945,1.078028,-0.3651482,-0.6698741,1.169511,-0.3691334,-0.692169,1.215138,-0.4017898,-0.6836435,1.293
-0.05137835,-0.02332609,1.282027,0.19105,-0.02381969,1.296882,0.409269,-0.02432892,1.301396,0.5026656,-0.07205571,1.333702,0.3096828,0.03995844,1.241424,0.3116383,-0.1130038,1.277979,0.3965392,-0.01699025,1.176107,0.3867615,0.02731468,1.188795,0.3449805,-0.08043967,1.234864,0.2640576,0.07407503,1.299811,0.2413407,0.2161538,1.358509,0.1998052,0.1920779,1.347038,-0.04535013,0.01060491,1.253076,-0.3326757,0.1833764,1.372743,-0.7314292,0.2531531,1.361542,-0.7058283,0.2021134,1.263531,-0.05559539,-0.05585967,1.257333,-0.3605825,-0.1237398,1.377812,-0.7003149,-0.1099321,1.453195,-0.6755974,-0.1549869,1.354418,0.353577,-0.0240066,1.301139,0.3818131,0.04975131,1.180568,0.3989945,0.02697894,1.196252,0.1923904,0.1986191,1.358846,0.212143,0.2000712,1.337
-0.05084654,-0.853872,1.993773,-0.2658277,-0.8306608,1.896849,-0.4749272,-0.8025623,1.790451,-0.5737351,-0.7450181,1.778969,-0.4370362,-0.997922,1.618863,-0.3292699,-0.8085601,1.444273,-0.3972455,-0.6895915,1.206223,-0.4513642,-0.6590496,1.202511,-0.4452942,-0.7284174,1.85877,-0.3496388,-0.716788,1.596811,-0.3362324,-0.723727,1.367753,-0.4424614,-0.661335,1.179407,-0.02524094,-0.8921911,1.925209,-0.1086483,-1.174546,1.836913,-0.2116397,-1.534727,1.75578,-0.2084544,-1.561737,1.639418,-0.07483655,-0.7927538,2.008734,0.01269659,-0.9887738,1.698757,0.09178297,-1.173764,1.43301,0.1297574,-1.125061,1.310977,-0.4234682,-0.8104739,1.818852,-0.510062,-0.6133556,1.154327,-0.4054341,-0.6654726,1.159098,-0.4540294,-0.637412,1.123067,-0.3915155,-0.661765,1.152727
-0.04933445,-0.1596588,1.985877,-0.2675554,-0.1760733,2.009568,-0.4794969,-0.1900578,2.024442,-0.6237636,-0.1873281,2.058955,-0.5295814,-0.2405091,1.983439,-0.3787665,-0.2532137,1.835172,-0.2455149,-0.1754877,1.842234,-0.2390477,-0.1532107,1.900307,-0.4714204,-0.1519862,2.068423,-0.2873785,-0.07105845,2.015054,-0.1691756,-0.05341315,2.168391,-0.1302254,-0.04763999,2.222421,-0.05065556,-0.1953965,1.950793,0.2452987,-0.2156712,1.81958,0.5646867,-0.2821004,1.714448,0.5434737,-0.3621252,1.662793,-0.04709117,-0.1191341,1.967341,0.226168,0.03392947,1.906772,0.3192438,-0.1831086,1.968805,0.3427665,-0.1078891,1.920899,-0.4273488,-0.1868728,2.022429,-0.2183222,-0.1423206,1.915189,-0.1866683,-0.1752558,1.893927,-0.1240668,-0.06426261,2.235016,-0.1138919,-0.03905901,2.189798
-0.04875697,-0.1615229,1.984564,-0.2664315,-0.1775457,2.008949,-0.4785717,-0.1892107,2.024786,-0.6235518,-0.1869884,2.058672,-0.5295575,-0.2405137,1.98319,-0.3798694,-0.2538367,1.833636,-0.2407818,-0.1781722,1.826668,-0.2409544,-0.1525863,1.88783,-0.4713941,-0.1519875,2.068175,-0.2908795,-0.07634808,1.994617,-0.165614,-0.05725113,2.142698,-0.1243205,-0.05100328,2.194977,-0.05076548,-0.1971866,1.948353,0.2457718,-0.2159193,1.818374,0.574054,-0.2801108,1.71159,0.5527587,-0.3602286,1.659827,-0.04617133,-0.1207836,1.966171,0.2250402,0.03390516,1.896682,0.3216483,-0.1841528,1.960351,0.3427734,-0.1075134,1.911133,-0.4264871,-0.1870365,2.022611,-0.2188805,-0.1434661,1.909067,-0.1830113,-0.1746947,1.8996,-0.1201432,-0.06659005,2.206477,-0.1080513,-0.04238206,2.162399
-0.03658218,0.01178947,1.56785,0.2198925,0.01983392,1.604704,0.4625027,0.02767411,1.63748,0.5647549,0.05025431,1.68629,0.4286415,0.1844472,1.726339,0.336922,0.1323045,1.54485,0.3327135,0.03944518,1.406114,0.3320017,0.008714514,1.362973,0.3699637,-0.04814348,1.575914,0.5068691,-0.1070859,1.477186,0.353586,-0.06643662,1.431455,0.324998,-0.02633484,1.453234,-0.04107783,0.04140711,1.529773,-0.4005426,0.009740978,1.420953,-0.8878118,-0.07588434,1.471966,-0.9262404,-0.08951604,1.395794,-0.03057301,-0.01849915,1.546829,-0.2991872,-0.09992337,1.27839,-0.6221195,-0.1268028,1.395689,-0.5934103,-0.1902323,1.312343,0.4037107,0.02595774,1.631208,0.3536627,-0.02137638,1.340031,0.3073125,0.01748015,1.353976,0.2996789,0.0006550078,1.448416,0.3228706,-0.04710523,1.452917
-0.03548187,0.01371901,1.553585,0.215988,0.02048056,1.603404,0.4558358,0.02792351,1.64231,0.5593762,0.05656055,1.690131,0.4289268,0.1845042,1.725845,0.3371952,0.132356,1.544326,0.3329858,0.03969767,1.405858,0.3146799,-0.0172959,1.440075,0.3702487,-0.04810114,1.57542,0.4864297,-0.1174993,1.475157,0.3003743,-0.003724089,1.447434,0.251792,0.04320142,1.468585,-0.03920368,0.04316052,1.51534,-0.3971892,0.02946028,1.394579,-0.715668,-0.09012216,1.459578,-0.7999751,-0.1027162,1.403627,-0.03010952,-0.01565277,1.529958,-0.304853,-0.1051016,1.270969,-0.6277735,-0.1219745,1.389829,-0.5954294,-0.1839264,1.305639,0.3974163,0.02611384,1.634397,0.3353719,-0.04103945,1.425173,0.2908884,-0.005774081,1.423362,0.2066882,0.1019954,1.46636,0.2208529,-0.0001560253,1.487431
-0.0339224,0.01364666,1.558762,0.2049589,0.004085931,1.604862,0.4331203,-0.007929936,1.639372,0.5418463,-0.02191886,1.647102,0.4285144,0.1832947,1.725381,0.3367791,0.1311509,1.543845,0.3325711,0.03857547,1.405477,0.2928844,-0.01754249,1.446192,0.3698339,-0.04932236,1.574953,0.5793084,-0.08809982,1.544374,0.3741167,-0.1006496,1.462395,0.3175676,-0.1065738,1.438197,-0.03995352,0.04332648,1.522094,-0.3993953,0.03131635,1.407386,-0.7215858,-0.08476811,1.461745,-0.6852214,-0.14601,1.377324,-0.02658719,-0.01657041,1.537172,-0.2986611,-0.1052648,1.274806,-0.6190317,-0.1152604,1.400518,-0.5837803,-0.1758408,1.315622,0.3773623,-0.004930604,1.632552,0.2893629,-0.02382264,1.435524,0.2916016,-0.01947299,1.428457,0.2855195,-0.06747253,1.442067,0.2980852,-0.05284702,1.422063
-0.03197755,-0.06050416,1.483097,0.2045411,-0.0363804,1.562081,0.4312066,-0.01276646,1.632101,0.5357437,-0.01797783,1.641883,0.2839997,0.09451714,1.544545,0.1083832,0.1035665,1.457637,-0.06501671,0.1249645,1.400627,-0.1212975,0.1166516,1.369612,0.3705416,-0.04916155,1.573797,0.5774109,-0.09561133,1.534509,0.3691859,-0.09504994,1.46059,0.3179431,-0.1066023,1.435921,-0.04516298,-0.01796664,1.458348,-0.1656132,-0.06177858,1.11224,-0.2293969,-0.2208309,0.8406632,-0.2117326,-0.221435,0.7120294,-0.01709228,-0.100515,1.450697,-0.2813127,-0.1735368,1.2311,-0.5870087,-0.1047073,1.373826,-0.5418615,-0.1478676,1.278424,0.3757867,-0.01868989,1.61617,-0.1757336,0.1155507,1.319538,-0.1429466,0.16264,1.407375,0.2760836,-0.05884673,1.431356,0.2985661,-0.1134746,1.486047
-0.02911949,-0.04373045,1.481411,0.2058474,-0.02964211,1.561816,0.4316306,-0.01258834,1.632535,0.5354055,-0.01920771,1.640797,0.2986294,0.1184456,1.557593,0.1184192,0.1282588,1.483173,-0.08222635,0.1316381,1.394046,-0.146743,0.1325096,1.354904,0.3707555,-0.04855102,1.574353,0.5767729,-0.0960376,1.533302,0.3706453,-0.08978936,1.454682,0.3138766,-0.1019105,1.430355,-0.03535296,0.003998362,1.453906,-0.1127147,-0.06596249,1.081598,-0.2597858,-0.1937065,0.793543,-0.2255726,-0.2259094,0.6852807,-0.02112129,-0.08918455,1.449338,-0.2665707,-0.1701206,1.225793,-0.5553797,-0.1439103,1.40763,-0.5978394,-0.1200837,1.29556,0.3762953,-0.01746636,1.616508,-0.2076468,0.1135549,1.35113,-0.1523662,0.1552733,1.378889,0.2767199,-0.05256972,1.418274,0.2924903,-0.09951483,1.482818
-0.02833713,-0.7675744,2.003024,-0.2249986,-0.7555702,1.854633,-0.4271241,-0.7351438,1.687478,-0.5255409,-0.6950625,1.605866,-0.5693966,-0.8005133,1.597781,-0.3409151,-0.8037177,1.51408,-0.5493312,-0.7097571,1.366514,-0.5899501,-0.6503228,1.236939,-0.3236269,-0.6932364,1.624382,-0.1349213,-0.6710601,1.680195,0.03945665,-0.6782719,1.873526,0.0364853,-0.7376681,1.95731,-0.09481474,-0.7910818,2.047753,0.2504186,-0.8822153,1.982907,0.5790062,-0.8815485,1.965614,0.6071702,-0.9850377,1.936217,0.03788055,-0.7181789,1.898272,0.2971668,-0.8988816,1.707889,0.541908,-1.076011,1.546462,0.5813888,-1.132498,1.46546,-0.3776976,-0.7408682,1.730505,-0.6267741,-0.6306143,1.208507,-0.6762783,-0.6328169,1.26555,0.05606526,-0.7411112,1.964684,0.05535237,-0.7359647,1.958
-0.02805654,-0.0706078,1.463862,0.2076407,-0.0420309,1.550234,0.4326516,-0.01408273,1.627143,0.5463148,-0.0313771,1.6354,0.2963355,0.1078903,1.541384,0.1176226,0.1202421,1.461484,-0.05130453,0.1284056,1.391592,-0.1092904,0.1237739,1.363457,0.369966,-0.05192885,1.570679,0.5782945,-0.09502017,1.534879,0.3713466,-0.08750209,1.456487,0.3124653,-0.09815326,1.434986,-0.03918348,-0.02757173,1.432919,-0.1409349,-0.07116339,1.084362,-0.2232963,-0.1555249,0.8366148,-0.2019995,-0.1957282,0.7185388,-0.01590909,-0.1101974,1.436966,-0.2687106,-0.1740315,1.217399,-0.5671582,-0.09979327,1.371551,-0.520362,-0.143198,1.277345,0.3776305,-0.02101487,1.609616,-0.166592,0.128156,1.324565,-0.1339677,0.1613127,1.382185,0.2742155,-0.05167691,1.428646,0.2889195,-0.09789729,1.485445
-0.02787227,-0.02072848,1.400455,0.1931176,0.01173035,1.391693,0.4080398,0.04506218,1.369017,0.5107703,0.05418495,1.385156,0.2932887,0.07507991,1.350936,0.3971849,-0.02944866,1.399652,0.4921722,0.05008343,1.291561,0.5135254,0.05404198,1.299569,0.310845,-0.1127619,1.371257,0.4098894,-0.0609719,1.511987,0.345893,-0.02395496,1.301129,0.2995878,-0.01289926,1.323443,-0.022904,0.01689224,1.366223,-0.3737054,-0.01124497,1.445726,-0.9124739,-0.006989454,1.617995,-0.955065,-0.02454544,1.546347,-0.02713924,-0.05381746,1.37912,-0.2921592,0.002287113,1.385477,-0.6194412,0.04859437,1.492627,-0.6959729,-0.004885811,1.449848,0.3552311,0.03723885,1.376662,0.5405502,0.07130121,1.295471,0.515276,0.02257746,1.279708,0.2362642,0.008734542,1.300067,0.2628578,-0.06954703,1.311244
-0.006293427,-0.7822533,2.015396,-0.1919972,-0.7686956,1.870133,-0.3714008,-0.7508505,1.715096,-0.4683859,-0.7110934,1.634019,-0.5138102,-0.8162302,1.625468,-0.4211119,-0.8462442,1.441038,-0.6305193,-0.7100883,1.334363,-0.632551,-0.6486465,1.269479,-0.2679819,-0.7089034,1.651913,-0.09195284,-0.6559776,1.723588,0.07115985,-0.6729284,1.924991,0.06699606,-0.7344987,1.996346,-0.06544942,-0.8089364,2.054837,0.212776,-1.014822,1.949354,0.4653485,-1.209188,1.871271,0.5092502,-1.269807,1.794881,0.05338089,-0.7347141,1.922931,0.1435553,-0.8838027,1.625282,0.2475604,-1.063535,1.307234,0.2813305,-1.117968,1.219394,-0.3275008,-0.7563211,1.755555,-0.6954957,-0.6289425,1.242037,-0.7307071,-0.6485754,1.3086,0.07762454,-0.726535,2.011663,0.0507478,-0.7311628,1.959136
-0.003439372,-0.7808676,2.018816,-0.1848384,-0.7720121,1.877097,-0.3658454,-0.7592074,1.726289,-0.4625801,-0.7195172,1.64517,-0.5082489,-0.8245745,1.636693,-0.4178646,-0.8315226,1.448318,-0.6278201,-0.7059506,1.330078,-0.6358692,-0.6506217,1.266213,-0.2624551,-0.7172577,1.663103,-0.09528332,-0.6622642,1.749675,0.07532952,-0.6771059,1.945364,0.07696658,-0.7349921,2.012808,-0.06393868,-0.807305,2.06122,0.221509,-1.003748,1.955991,0.4896511,-1.19602,1.875663,0.53384,-1.256685,1.800364,0.05697206,-0.7336431,1.923859,0.1396653,-0.885572,1.624615,0.2347106,-1.067695,1.306071,0.268266,-1.122678,1.2193,-0.3209082,-0.7632722,1.765633,-0.6784822,-0.6323265,1.231677,-0.7267677,-0.6489598,1.305727,0.1013683,-0.7417555,2.023214,0.06010893,-0.7154716,2.002667
0.0005409478,-1.072953,1.854409,-0.1082212,-0.923475,1.801507,-0.2115336,-0.7733077,1.740376,-0.35636,-0.7148676,1.751639,-0.1853617,-0.8211786,1.68692,-0.4113447,-0.7880452,1.532952,-0.603623,-0.6420509,1.406763,-0.7136696,-0.5785499,1.328751,-0.02759742,-0.8060542,1.859124,-0.2454317,-0.8064773,1.689555,-0.398543,-0.850998,1.566725,-0.4437793,-0.8092561,1.515224,-0.08341609,-1.07052,1.81931,-0.08598133,-0.853459,1.623037,-0.3873864,-1.167818,1.689005,-0.3185367,-1.157805,1.729722,0.08235107,-1.044306,1.839626,0.1128298,-1.329561,1.882313,0.1516538,-1.697104,1.96305,0.2306717,-1.729634,1.896063,-0.1863577,-0.8112899,1.757376,-0.7270106,-0.5115436,1.301951,-0.7083448,-0.5496618,1.377229,-0.5234782,-0.8012981,1.477276,-0.4383032,-0.8337488,1.44675
0.002779481,-1.077016,1.867854,-0.08601349,-0.9300469,1.818398,-0.1798265,-0.7797221,1.756143,-0.3238825,-0.7213664,1.767586,-0.1382303,-0.8332389,1.711739,-0.3270037,-0.742408,1.592317,-0.5549932,-0.6786063,1.459074,-0.6396106,-0.7046843,1.443211,-0.0307974,-0.8046913,1.853992,-0.2517123,-0.807785,1.688817,-0.4082987,-0.8589689,1.573998,-0.4436845,-0.8106666,1.512913,-0.07910699,-1.081373,1.831082,-0.08332625,-0.8665012,1.632332,-0.3830447,-1.180471,1.705618,-0.3117002,-1.131443,1.733799,0.08607448,-1.04675,1.831193,0.1120507,-1.329779,1.883517,0.1453894,-1.694702,1.976179,0.2276849,-1.727601,1.915632,-0.1558833,-0.818176,1.773731,-0.690739,-0.6564838,1.398723,-0.6710841,-0.6789963,1.4444,-0.4783717,-0.8039572,1.482103,-0.4127623,-0.8492546,1.481255
0.004809969,-0.09911098,2.342654,-0.006920493,-0.06972435,2.29499,-0.01598459,-0.03776333,2.235224,0.04074958,0.03532989,2.320184,-0.0634005,-0.2407587,2.30517,-0.2160736,-0.2311835,2.381979,-0.1108736,-0.2348809,2.537707,-0.07617911,-0.2364829,2.593395,0.1007981,-0.01018485,2.073121,0.04138967,0.1467412,2.145948,0.07228686,0.03810908,1.920974,0.08339135,0.001440249,1.850127,-0.002406591,-0.1528948,2.210287,0.1304034,0.03413194,1.958127,0.2444042,-0.08899325,1.602319,0.2253885,-0.1671989,1.507416,0.01161845,-0.04451378,2.40056,-0.2296776,0.1259914,2.254714,-0.08531999,0.02958598,1.902195,-0.09769639,-0.05101078,1.80689,-0.01324423,-0.04614603,2.251231,-0.0763725,-0.2286461,2.595851,-0.07335976,-0.239034,2.55802,0.1116301,-0.01306942,1.757285,0.03358321,-0.04330246,1.846868
0.0122429,-0.9080788,2.104425,-0.1633354,-0.8785484,2.078356,-0.3333653,-0.8469969,2.039049,-0.4299646,-0.7505425,2.060692,-0.4801497,-0.9006852,2.032321,-0.2615171,-0.9747248,1.880731,-0.3056727,-0.7911216,1.802783,-0.3207887,-0.7313088,1.779552,-0.2359266,-0.7150753,2.094646,-0.1022778,-0.7571387,1.89562,0.1107401,-0.6773839,2.031307,0.1798077,-0.664686,2.076937,-0.01689968,-0.9542972,2.032204,-0.3723132,-0.9686597,1.925512,0.04513198,-1.073521,1.877122,-0.05514138,-1.062927,1.820717,0.04053295,-0.8402433,2.12154,0.2991359,-0.7543052,1.849223,0.6101556,-0.7815412,1.781626,0.6531125,-0.7517858,1.645538,-0.291519,-0.8553093,2.050906,-0.2940777,-0.6942519,1.75652,-0.2880047,-0.775582,1.753965,0.2364224,-0.6258747,2.134678,0.1310291,-0.6722875,2.124636
0.01519296,-0.9583852,1.894789,-0.1664058,-0.8155094,1.940763,-0.3381124,-0.6730096,1.98377,-0.3589881,-0.5489349,2.026434,-0.4436688,-0.7249689,1.911225,-0.5415334,-0.674288,1.694281,-0.6565123,-0.6478723,1.447215,-0.7070746,-0.6097856,1.338966,-0.3417636,-0.7171831,1.730253,-0.4333555,-0.7521009,1.547753,-0.5584091,-0.7996303,1.767159,-0.5803983,-0.8189332,1.858336,-0.001948124,-0.9680389,1.893134,0.2498875,-1.01934,1.807644,0.6707389,-1.124568,1.70288,0.6612749,-1.195544,1.625685,0.03418473,-0.923776,1.844065,0.2115767,-1.006706,1.577797,0.4313406,-1.121667,1.273447,0.3883129,-1.177394,1.186158,-0.2947975,-0.7085494,1.973595,-0.71515,-0.595565,1.288985,-0.6705307,-0.5205896,1.304278,-0.6440133,-0.849021,1.909603,-0.5967383,-0.8201605,1.815286
0.01811011,-0.8905517,2.105666,-0.165466,-0.8755876,2.074374,-0.3487868,-0.8575531,2.033223,-0.445678,-0.7612946,2.054728,-0.4913937,-0.9033151,2.032388,-0.2774799,-1.006229,1.893071,-0.2631149,-0.8123367,1.830399,-0.2309551,-0.8145312,1.834124,-0.2836161,-0.8565063,1.898445,-0.06408902,-0.7804585,1.937476,0.144041,-0.6843608,2.070436,0.1968024,-0.6729994,2.05247,0.002888049,-0.9033687,2.047721,-0.2208513,-0.9235862,1.831942,-0.5301887,-0.9647439,1.563496,-0.5490528,-1.038969,1.487922,0.0306643,-0.8553116,2.112125,0.2869153,-0.7609035,1.84005,0.6062853,-0.7914855,1.776581,0.6509362,-0.7574768,1.644654,-0.3035456,-0.8625537,2.04518,-0.2324559,-0.8101628,1.821476,-0.2378048,-0.8051976,1.804105,0.2655563,-0.6362927,2.074687,0.1687946,-0.6568863,2.110704
0.02819492,-0.008937824,1.4586,0.253156,-0.007149873,1.434386,0.4703441,-0.006206598,1.400878,0.5741695,-0.01571436,1.385361,0.4191339,0.1030708,1.403786,0.3099154,0.1002636,1.578146,0.3470775,0.2479152,1.612214,0.3600692,0.2972977,1.626682,0.4030262,-0.09512623,1.352106,0.5923483,-0.04841718,1.269292,0.4510545,0.01408842,1.314425,0.405293,0.03481218,1.332318,0.03269518,0.02569171,1.443604,-0.325889,-0.05839015,1.392857,-0.5679604,-0.1413925,1.404378,-0.5578994,-0.1863959,1.302868,0.02256794,-0.04344827,1.415155,-0.2996658,0.1361792,1.377037,-0.4030752,-0.09713026,1.414441,-0.496245,-0.1063155,1.400252,0.4171784,-0.00662466,1.410895,0.400892,0.3310538,1.60256,0.3197339,0.3042871,1.644546,0.4029514,0.04624763,1.335724,0.4121274,0.05527625,1.330123
0.03396947,0.009460269,1.574381,0.2864668,0.003241615,1.501148,0.5341645,-0.005999766,1.422288,0.5758505,0.04665048,1.381482,0.4421576,0.10514,1.726894,0.4326847,0.1055855,1.499061,0.3695191,0.0558455,1.290517,0.3876173,0.07236157,1.256307,0.4270037,-0.08573167,1.368465,0.4149377,0.1053075,1.249724,0.5686437,0.04726325,1.289718,0.6192597,0.01183659,1.32041,0.05202271,0.02302173,1.549833,-0.209679,0.004295056,1.439093,-0.4362416,0.2725328,1.413319,-0.4285726,0.1787065,1.394059,0.01813577,-0.009629898,1.531258,-0.3471216,0.03691621,1.526963,-0.5515624,-0.1392258,1.377056,-0.6205691,-0.140879,1.414956,0.4726859,-0.004258886,1.444476,0.4023575,0.1123113,1.221203,0.3530942,0.06613073,1.249911,0.6709845,-0.02553793,1.330424,0.6315884,0.01693646,1.300333
0.03407086,-0.8588384,2.015638,-0.1623674,-0.7991776,1.847703,-0.3502368,-0.7370244,1.675329,-0.4471077,-0.6974226,1.594414,-0.4927677,-0.8024414,1.585649,-0.3604166,-0.8742018,1.44397,-0.5479499,-0.704723,1.342026,-0.5984446,-0.6469971,1.256471,-0.2467697,-0.6950554,1.612128,-0.1203626,-0.6434943,1.747067,0.06510818,-0.6636028,1.929417,0.06875633,-0.72542,1.997241,-0.01230366,-0.8754369,2.011149,0.2556084,-0.9261463,2.072662,0.4935554,-0.9810494,2.279892,0.4602048,-0.9620782,2.136891,0.07716395,-0.8175064,1.968301,0.1454631,-0.8875086,1.616276,0.2175699,-0.9689789,1.268865,0.2484585,-1.012729,1.167565,-0.3046218,-0.7531676,1.71946,-0.6914492,-0.6302104,1.261371,-0.6346005,-0.6515573,1.361444,0.08199659,-0.7166305,2.017528,0.05666877,-0.7343122,1.942
0.03820093,-0.8877442,2.10454,-0.1635602,-0.8735142,2.073167,-0.3541417,-0.850491,2.031577,-0.4511483,-0.7541076,2.053091,-0.4967234,-0.8962522,2.03073,-0.2826964,-1.003326,1.89509,-0.2433059,-0.8148142,1.826392,-0.2287707,-0.8194964,1.841839,-0.3447123,-0.9012271,1.919328,-0.1252158,-0.8159506,1.944798,0.1154756,-0.7122679,2.002168,0.2022562,-0.6875678,2.01433,0.02289868,-0.8891605,2.047346,-0.2224151,-0.9243422,1.834618,-0.5288815,-0.9797208,1.594819,-0.5557061,-1.063944,1.54683,0.05110919,-0.8624163,2.106009,0.3013701,-0.7582302,1.831633,0.6191505,-0.7898113,1.769468,0.6583151,-0.7550704,1.634228,-0.3085457,-0.8583588,2.043501,-0.223353,-0.8129647,1.827815,-0.2245824,-0.8233156,1.80859,0.2496724,-0.6517485,2.006946,0.1795113,-0.6733757,2.031328
0.03876162,-0.7572975,2.077065,0.03028123,-0.7958882,1.991084,0.0218349,-0.8295702,1.896874,-0.1173299,-0.7715047,1.909158,-0.1706282,-0.8883322,1.823524,-0.3811752,-0.8672064,1.64639,-0.5645235,-0.7232081,1.504708,-0.6114168,-0.7184208,1.506687,0.1324677,-0.9443172,1.900588,-0.09463144,-0.8102267,1.820489,-0.3474061,-0.8339511,1.72832,-0.3965438,-0.8190038,1.670493,0.01829179,-0.712413,1.967616,0.1526614,-0.9535298,1.717763,0.2752556,-1.179404,1.507148,0.2643595,-1.272357,1.503933,0.05818196,-0.7826322,2.132929,0.1745861,-1.001821,1.940066,0.3257586,-1.29552,1.719545,0.3099107,-1.379745,1.727462,0.02394796,-0.822031,1.922043,-0.6749781,-0.6859851,1.471934,-0.5533464,-0.683189,1.514947,-0.4740998,-0.8223811,1.625101,-0.3618828,-0.7382611,1.637823
0.0388861,-0.883867,2.106314,-0.155894,-0.8701721,2.082052,-0.3395343,-0.8490051,2.049171,-0.4361996,-0.7525253,2.070802,-0.4823548,-0.8951908,2.047686,-0.2815215,-1.007486,1.896335,-0.2813802,-0.8197908,1.814736,-0.2393638,-0.8199632,1.849147,-0.2313954,-0.7495609,2.034036,0.001835937,-0.7098933,2.02092,0.2057449,-0.6544428,2.09768,0.2425181,-0.6503823,2.057288,0.01824274,-0.9229236,2.044685,-0.3323637,-0.9591635,1.925402,-0.02863245,-1.056991,1.888582,-0.1513164,-1.032417,1.849389,0.05888813,-0.8228084,2.116685,0.3126727,-0.7464821,1.836916,0.6239916,-0.7886624,1.775107,0.6571479,-0.7524374,1.636428,-0.2948014,-0.8553256,2.058651,-0.221226,-0.8117794,1.830738,-0.2261978,-0.820878,1.807255,0.3130231,-0.6598507,2.060786,0.2353993,-0.6257786,2.125186
0.04043554,-0.04723684,1.535715,0.1724683,0.04959421,1.534346,0.2995026,0.1461093,1.523081,0.3387531,0.2493267,1.532274,0.2172651,0.1792765,1.525797,0.3224297,0.07375496,1.574969,0.3078895,-0.00364438,1.427226,0.2532738,-0.02013568,1.452424,0.301707,0.004101656,1.47537,0.4557227,-0.06081492,1.598346,0.6502738,-0.05110619,1.68014,0.7044466,-0.03996396,1.696161,0.03611322,-0.01120018,1.532678,-0.2866549,-0.07606002,1.38151,-0.6116787,-0.143106,1.322737,-0.6855376,-0.1526894,1.357128,0.043979,-0.08128298,1.484129,-0.2985034,-0.04434045,1.394217,-0.5479718,-0.09956426,1.335823,-0.6309,-0.1051593,1.356528,0.2687778,0.1222636,1.527503,0.25135,-0.01406101,1.441378,0.2453266,-0.00233491,1.421591,0.7446603,-0.01407345,1.67296,0.7147455,-0.07019988,1.683933
0.04273302,-0.05493496,1.540437,0.1754422,0.04441821,1.533774,0.3082992,0.144512,1.521012,0.341058,0.2524925,1.532889,0.2212299,0.1788438,1.521718,0.3267716,0.07317557,1.572052,0.3118027,-0.003919813,1.424194,0.2556103,-0.01014813,1.443336,0.3068438,0.002565195,1.472285,0.4941208,-0.0577731,1.550652,0.6438186,-0.1091805,1.556268,0.6529876,-0.09999824,1.531937,0.0490393,-0.01306913,1.518213,-0.2104487,0.01117362,1.450271,-0.5444909,-0.08565171,1.461261,-0.5429425,-0.1294122,1.363916,0.04268028,-0.08963846,1.501861,-0.2959823,-0.001197028,1.404936,-0.5175816,-0.1172602,1.336636,-0.6017875,-0.1251173,1.354385,0.2755819,0.1198348,1.525172,0.2544215,-0.01126187,1.437649,0.2530911,-0.009964933,1.427068,0.675558,-0.09065638,1.502028,0.6399628,-0.1305275,1.530988
0.05131797,-0.01849595,1.453502,0.2633182,-0.01377901,1.432474,0.4680021,-0.009495229,1.40169,0.5780927,-0.02050888,1.385095,0.508983,0.06418146,1.427635,0.3990465,0.06186138,1.60239,0.4357055,0.2097288,1.636618,0.4486843,0.2591065,1.651098,0.4062007,-0.09533878,1.351677,0.5924783,-0.0537575,1.271719,0.4667719,0.03893585,1.310653,0.4261991,0.06970965,1.326472,0.06231884,0.01046236,1.440206,-0.2248866,-0.01060733,1.350357,-0.4165998,-0.1634288,1.417221,-0.5096443,-0.1574105,1.405225,0.03865558,-0.04684789,1.408863,-0.2895589,0.1220225,1.361533,-0.5740396,-0.110972,1.423643,-0.6638292,-0.1216474,1.411506,0.4176375,-0.01016724,1.411175,0.4891039,0.2931734,1.627338,0.4054161,0.2671976,1.668432,0.4237444,0.08093926,1.329946,0.4327229,0.08962718,1.324445
0.0517761,-0.8777384,2.112568,-0.1489304,-0.8669453,2.084844,-0.3400782,-0.8482936,2.050336,-0.4367495,-0.7517943,2.071971,-0.4821436,-0.8947506,2.048718,-0.2815511,-1.004642,1.895084,-0.2900669,-0.8133388,1.823637,-0.2933177,-0.7509826,1.802562,-0.2804481,-0.7842091,1.992638,-0.0492954,-0.7336563,1.996393,0.1794632,-0.6616846,2.093471,0.223961,-0.6535535,2.060621,0.04063953,-0.9057128,2.05669,-0.3078266,-0.9508739,1.933118,-0.001201115,-1.049577,1.896424,-0.1242399,-1.029001,1.854985,0.06982648,-0.8162336,2.118791,0.3145382,-0.7447585,1.829304,0.6291618,-0.7846739,1.766427,0.6621435,-0.7513238,1.627153,-0.2938195,-0.8543653,2.060072,-0.2940608,-0.748471,1.790848,-0.2849759,-0.7505922,1.773454,0.29451,-0.6469883,2.07545,0.2042953,-0.6328205,2.123806
0.07379657,-0.1480338,2.633545,0.4162242,-0.1445042,2.684461,0.7455791,-0.1426192,2.718312,0.8596871,-0.1378389,2.766436,0.5669317,0.01564068,2.807137,0.4082534,-0.05969813,2.625442,0.2187861,0.03522969,2.50015,0.1324612,0.02609245,2.431411,0.587887,-0.1411062,2.601761,0.4495916,-0.2500487,2.420915,0.2194978,-0.1754918,2.397382,0.1456653,-0.1484336,2.390301,0.07416666,-0.1157749,2.614669,-0.1600174,0.09855329,2.559334,-0.1774303,-0.1926288,2.45302,-0.2870421,-0.2013291,2.406733,0.07075631,-0.1762102,2.584722,-0.0248773,0.1980785,2.378744,-0.2869549,-0.07829031,2.420444,-0.2762926,-0.1736567,2.367773,0.6646463,-0.1432046,2.711899,0.1316866,0.02262052,2.417185,0.1312919,0.02796143,2.409954,0.08101843,-0.1078983,2.366018,0.1172569,-0.2086335,2.374786
0.08233899,-0.1435907,2.607437,0.4167366,-0.1441669,2.675457,0.7452507,-0.1414346,2.717405,0.862057,-0.1386992,2.76592,0.5666019,0.01682384,2.806228,0.4075235,-0.05683538,2.624163,0.2174865,0.02412369,2.489646,0.1616939,0.07486065,2.464272,0.5883987,-0.1421659,2.600381,0.4487271,-0.2465735,2.41778,0.2264738,-0.1545553,2.378907,0.1543533,-0.1218789,2.388608,0.07933901,-0.112104,2.581739,-0.182221,0.106697,2.567875,-0.1995492,-0.1844995,2.461578,-0.2859128,-0.114264,2.445786,0.08303705,-0.1711994,2.563237,-0.03796615,0.1574455,2.373744,-0.3098515,-0.1069088,2.424464,-0.2973411,-0.2015726,2.370905,0.6643541,-0.1424569,2.710169,0.1575368,0.07782873,2.450557,0.1601724,0.08234871,2.439518,0.09318472,-0.0707534,2.355144,0.123349,-0.1770786,2.35365
0.08861842,-0.1263505,2.575105,0.4093074,-0.1303582,2.68482,0.7189277,-0.1333287,2.78358,0.8274458,-0.1470546,2.815103,0.5404211,0.02485212,2.872301,0.4390597,-0.03114582,2.645504,0.2761222,-0.1198057,2.481178,0.2328006,-0.1535286,2.403192,0.5954773,-0.1504635,2.624283,0.440529,-0.1305873,2.423744,0.3243771,-0.1643825,2.247319,0.2863106,-0.1758645,2.192253,0.08005435,-0.09855997,2.580128,-0.2115612,-0.08815996,2.65874,-0.5374331,-0.1918585,2.476054,-0.5198697,-0.2864444,2.429624,0.093629,-0.1505153,2.500869,-0.2916422,-0.2083474,2.421584,-0.6736898,-0.212583,2.388582,-0.6541268,-0.3068351,2.342678,0.6428679,-0.1326183,2.760908,0.1621699,-0.1810489,2.356652,0.2679252,-0.2069832,2.430148,0.2662373,-0.1803597,2.157851,0.2671275,-0.1755106,2.140518
0.09037374,-0.04622693,1.551464,0.1980195,0.04375454,1.538916,0.3090422,0.1516988,1.518462,0.3491624,0.2571205,1.536526,0.2195101,0.1847205,1.523214,0.3242125,0.07948057,1.571803,0.3102127,0.01192525,1.438031,0.3118697,0.005514798,1.450073,0.4489796,0.1246619,1.539879,0.4936415,-0.04802315,1.554099,0.668018,-0.09885828,1.534369,0.6723301,-0.09150119,1.527515,0.03953078,-0.03410881,1.519801,-0.2408219,0.02452294,1.444431,-0.5309371,-0.07668263,1.363136,-0.5805664,0.00188446,1.326172,0.1439029,-0.06221941,1.51409,-0.2330543,-0.04392372,1.423246,-0.6179333,-0.127079,1.322367,-0.599526,-0.1756079,1.216365,0.2832756,0.1238066,1.523886,0.2489503,-0.0206961,1.441909,0.2518084,0.0518176,1.422,0.6848716,-0.08630591,1.510562,0.6546993,-0.125227,1.523375
0.09134682,-0.1243531,2.578048,0.410196,-0.1287432,2.68633,0.7192867,-0.1319326,2.783999,0.8276554,-0.1463555,2.815155,0.5407798,0.02624463,2.872719,0.4423232,-0.02933825,2.644501,0.2783501,-0.1189599,2.481796,0.2342546,-0.1535497,2.401105,0.5958364,-0.1490683,2.624702,0.4408866,-0.1291995,2.424163,0.3247342,-0.1630002,2.247738,0.2866679,-0.1744818,2.192673,0.08157679,-0.09630451,2.587687,-0.2268728,-0.1198396,2.607891,-0.4753658,-0.1744298,2.481699,-0.4586314,-0.2692688,2.435087,0.09817872,-0.1486058,2.500212,-0.3069592,-0.1869129,2.466207,-0.681295,-0.213738,2.379958,-0.6616266,-0.3079953,2.334092,0.6432927,-0.1312751,2.761624,0.1639102,-0.1792264,2.357615,0.2723311,-0.2061035,2.434693,0.2665933,-0.1789832,2.15827,0.2672686,-0.1751817,2.140556
0.09294609,-0.1272079,2.571767,0.4103324,-0.1296603,2.683014,0.7173375,-0.1330475,2.782799,0.825922,-0.1465964,2.814719,0.538832,0.02513407,2.871518,0.452092,-0.03458924,2.639551,0.2757178,-0.02737165,2.660767,0.2411695,-0.01810162,2.731463,0.5938872,-0.1501825,2.623501,0.4389452,-0.1303074,2.42296,0.3227982,-0.1641036,2.246533,0.2847311,-0.1755856,2.191468,0.08366511,-0.0987101,2.579677,-0.2256725,-0.1103544,2.602205,-0.4786983,-0.1787084,2.479913,-0.4617673,-0.2734391,2.433292,0.09959519,-0.1529096,2.49434,-0.3127156,-0.2145917,2.403849,-0.6807299,-0.2173966,2.378693,-0.6609153,-0.3115524,2.332808,0.6419891,-0.1321477,2.759887,0.2174554,-0.02030429,2.752711,0.237626,-0.02667288,2.714084,0.264664,-0.1800817,2.157064,0.2665544,-0.1755345,2.140317
0.09837978,-0.1156374,2.573392,0.4127172,-0.1240471,2.685304,0.7168643,-0.1312338,2.784906,0.8251799,-0.1448564,2.815488,0.5383624,0.02694163,2.873621,0.4382097,-0.02994249,2.646503,0.2567773,-0.02583332,2.653023,0.2222311,-0.01656327,2.723717,0.5934156,-0.1483699,2.625608,0.438479,-0.1285048,2.425064,0.3223361,-0.1623081,2.248637,0.2842692,-0.1737895,2.193571,0.08603499,-0.0865164,2.585195,-0.2139686,-0.09038122,2.6444,-0.4682009,-0.1754014,2.476375,-0.4507112,-0.2700769,2.429601,0.1081429,-0.1420502,2.49201,-0.3124899,-0.1431639,2.531013,-0.6591457,-0.2125012,2.373853,-0.7334645,-0.214319,2.348641,0.6424224,-0.1297531,2.761818,0.1986243,-0.01877921,2.744865,0.2193686,-0.02550337,2.70596,0.2642052,-0.178294,2.159167,0.2662326,-0.1747215,2.141342
0.09973864,-0.1274881,2.557851,0.4306211,-0.1288739,2.633077,0.7450814,-0.1387682,2.693957,0.8556318,-0.1277907,2.74449,0.5664209,0.01952929,2.782795,0.3997905,-0.06466454,2.613164,0.194479,-0.08836559,2.47886,0.1748879,-0.1078715,2.445541,0.5849165,-0.1470239,2.573438,0.5031215,-0.241336,2.429837,0.2773178,-0.2006132,2.34243,0.202773,-0.1873983,2.316973,0.09689438,-0.1009808,2.560262,-0.161811,0.09236408,2.435963,-0.3996494,-0.1768152,2.454969,-0.4451319,-0.2015424,2.324141,0.1001827,-0.152357,2.488291,-0.07594747,-0.007655493,2.215,-0.3999231,-0.2057713,2.258589,-0.3827252,-0.2978947,2.202518,0.6680091,-0.1356137,2.680232,0.1603475,-0.1412608,2.394029,0.1886297,-0.1487606,2.399308,0.2044998,-0.1863721,2.305273,0.2015438,-0.1855135,2.292489
0.1213287,-0.2410731,1.809429,0.275066,-0.2493484,1.641908,0.4158067,-0.260518,1.451488,0.4498546,-0.1471301,1.441737,0.2384136,-0.2876458,1.364124,0.4353311,-0.270403,1.204655,0.523304,-0.3020885,0.9712203,0.5439939,-0.2825981,0.8845907,0.4384142,-0.3252849,1.396908,0.528302,-0.2355368,1.187942,0.5310137,-0.2845713,0.9529347,0.5428431,-0.2804736,0.8827516,0.03246465,-0.2271719,1.688714,0.2794886,-0.05130719,1.946189,0.3044401,-0.2060848,1.585252,0.2842931,-0.3025443,1.546175,0.2118408,-0.245776,1.876392,0.02757768,-0.1661075,1.467794,0.04006843,-0.2785755,1.820802,-0.02376742,-0.2866782,1.689397,0.3833242,-0.2569346,1.503807,0.5541033,-0.2551413,0.805056,0.5710698,-0.3034704,0.8643826,0.5504741,-0.2545542,0.8066235,0.5627358,-0.3003663,0.8614419
0.1244704,-0.09347549,2.552355,0.4292228,-0.1146286,2.605487,0.7217864,-0.1337495,2.646621,0.8525208,-0.1440793,2.661341,0.583012,0.04295585,2.70042,0.4509597,0.1586517,2.645414,0.3146672,0.3394615,2.555869,0.2391821,0.4168093,2.503848,0.6283484,-0.188649,2.527899,0.4267412,-0.155617,2.381207,0.3030268,-0.1925865,2.169387,0.2624189,-0.2051766,2.102514,0.126768,-0.05165133,2.569237,-0.170061,-0.03071658,2.420392,-0.376421,-0.1307529,2.449193,-0.4180724,-0.1737674,2.323041,0.1182442,-0.1320748,2.466781,-0.04589964,-0.2030308,2.156243,-0.3471541,-0.2245109,2.34187,-0.4252414,-0.2118958,2.275417,0.6502529,-0.1291899,2.638336,0.2038362,0.4540209,2.455714,0.1984426,0.4050348,2.519984,0.2332877,-0.209017,2.067569,0.2192967,-0.208438,2.086427
0.1293567,-0.2203153,1.810217,0.3032742,-0.2215651,1.553805,0.4573553,-0.2174583,1.287056,0.5359721,-0.1353808,1.291543,0.279354,-0.2448783,1.200171,0.4931086,-0.2350225,1.180252,0.5241845,-0.3027284,0.9731492,0.5357468,-0.2855434,0.8830633,0.4797975,-0.282543,1.232399,0.5319449,-0.2667093,1.030175,0.5329486,-0.3094269,0.8464962,0.5460284,-0.2660642,0.8333282,0.02026317,-0.2115651,1.711534,0.261151,-0.03138224,1.971259,0.154353,-0.2325885,1.664372,0.04015204,-0.2635123,1.620511,0.2199525,-0.2194374,1.841867,0.06627027,-0.1880562,1.414272,0.07379552,-0.245941,1.77985,-0.01708274,-0.2374355,1.821679,0.4207441,-0.2201101,1.354701,0.5429531,-0.2700605,0.8016626,0.5628551,-0.3114614,0.8691695,0.5440067,-0.2447609,0.7870442,0.5571882,-0.2810799,0.8128533
0.1307574,-0.09089476,2.556933,0.4322619,-0.1132176,2.603989,0.7246027,-0.1338491,2.641115,0.8447548,-0.1333825,2.671243,0.5936663,0.04150913,2.689798,0.4964562,0.1847427,2.587437,0.4206887,0.3297282,2.470972,0.3631273,0.4165605,2.3963,0.6834091,-0.2274679,2.553456,0.5081697,-0.1951746,2.375169,0.3671994,-0.1785875,2.172453,0.3511006,-0.2422817,2.115268,0.1306593,-0.04221698,2.536581,-0.1461907,0.08298553,2.395859,-0.3890351,-0.1390275,2.454976,-0.4327493,-0.1794861,2.329907,0.1232255,-0.1357134,2.510488,-0.0800337,-0.1734159,2.185966,-0.3701786,-0.2171735,2.345792,-0.4477116,-0.2055704,2.290905,0.6528002,-0.1290966,2.633463,0.338946,0.4536748,2.339438,0.3295749,0.4181929,2.400119,0.3269836,-0.2483754,2.088863,0.3415161,-0.2267672,2.125
0.1313265,-0.130777,2.587853,0.476396,-0.1266089,2.67312,0.811505,-0.1245605,2.747319,0.9213278,-0.1452314,2.784286,0.6327958,0.03361389,2.836206,0.484419,-0.03330437,2.641541,0.2975137,-0.09449714,2.491262,0.2390485,-0.112371,2.440599,0.6879939,-0.1417093,2.588094,0.5369963,-0.209778,2.395904,0.4318387,-0.2333123,2.221162,0.3602849,-0.2438396,2.224055,0.1266447,-0.1025746,2.551773,-0.2900563,-0.168519,2.524905,-0.5280132,-0.1937213,2.36439,-0.5132348,-0.2884157,2.318351,0.1325511,-0.1556707,2.557938,-0.0005172409,0.1236441,2.339613,-0.3000016,-0.09935084,2.418184,-0.28842,-0.1953671,2.37151,0.728653,-0.1253916,2.730792,0.1786132,-0.1283828,2.398985,0.2558435,-0.1254121,2.400329,0.338644,-0.2443672,2.181827,0.3379977,-0.2426591,2.166616
0.1322723,-0.09625559,2.554878,0.4312617,-0.115568,2.603692,0.7210167,-0.1338178,2.641896,0.8520232,-0.1431376,2.660498,0.5966852,0.03806384,2.6884,0.4907007,0.1785738,2.577806,0.4014054,0.3345458,2.456718,0.3443827,0.4072065,2.386883,0.6853338,-0.2330955,2.553634,0.4838116,-0.1998911,2.407306,0.3599992,-0.2365684,2.195909,0.319437,-0.2491253,2.129146,0.1330997,-0.05312793,2.574729,-0.1643342,0.08498143,2.401475,-0.3853004,-0.1394586,2.459461,-0.4118873,-0.1738581,2.324329,0.12845,-0.1372947,2.468459,-0.05513184,-0.2014509,2.158445,-0.3455441,-0.2228402,2.355639,-0.4290464,-0.2130921,2.264776,0.6500177,-0.1294124,2.634319,0.3240741,0.4414693,2.333774,0.2991566,0.4037708,2.379286,0.2901235,-0.2528146,2.094561,0.274052,-0.2502764,2.110059
0.1328875,-0.1068276,2.508831,0.4536185,-0.1205512,2.608175,0.7662761,-0.1392451,2.692366,0.8768871,-0.1304582,2.749501,0.5875492,0.01903162,2.781239,0.5453569,-0.09244402,2.556834,0.334141,-0.1549256,2.446106,0.2825062,-0.1650485,2.41672,0.6202036,-0.1420528,2.54856,0.5161294,-0.1989777,2.398342,0.4174494,-0.2320137,2.243271,0.3853353,-0.2433475,2.195293,0.1337585,-0.07197537,2.472265,-0.1414302,-0.1788965,2.323073,-0.4156509,-0.1924634,2.379897,-0.5144351,-0.1593231,2.314815,0.1325208,-0.140078,2.46703,-0.2696909,-0.1954461,2.297606,-0.5724648,-0.2127426,2.21845,-0.6511015,-0.1711577,2.138661,0.6884207,-0.1357974,2.673765,0.2154171,-0.1827655,2.360884,0.280375,-0.2144247,2.401199,0.3648536,-0.2475623,2.160986,0.3650829,-0.2455165,2.145128
0.1333641,-1.064695,2.784357,0.4403796,-1.05162,2.803271,0.7356846,-1.043446,2.820728,0.8415844,-1.041945,2.765862,0.6933944,-0.9179888,2.902792,0.4323079,-0.8731295,2.875262,0.1400268,-0.8038754,2.85504,0.05370988,-0.7999452,2.863793,0.6983812,-1.081604,2.724227,0.8978961,-0.9893385,2.545068,1.047337,-0.9588914,2.378073,1.052589,-0.9511333,2.367602,0.1215694,-1.009378,2.764347,-0.01001939,-0.735653,2.886942,-0.08358361,-1.08621,2.83819,-0.14949,-1.057691,2.694949,0.1427303,-1.093579,2.729353,-0.1465261,-0.9617684,2.554728,-0.4670367,-0.9965805,2.376947,-0.458062,-0.9415717,2.256725,0.6632105,-1.044939,2.817838,-0.03465493,-0.7732562,2.857717,0.04829005,-0.846845,2.834489,1.067411,-0.9611515,2.2624,0.9963419,-0.975827,2.3272
0.1338724,-0.1151406,2.512134,0.4121291,-0.1284337,2.609646,0.6936636,-0.1408662,2.697395,0.8371166,-0.1358148,2.762288,0.5150594,0.01743027,2.786144,0.3696864,-0.06540515,2.596333,0.1538903,-0.01762079,2.489046,0.1060878,0.03577798,2.454596,0.5882612,-0.1433354,2.599803,0.4424915,-0.2373752,2.415972,0.2132035,-0.1637739,2.378766,0.1382263,-0.1367503,2.385124,0.126401,-0.07694323,2.498267,-0.1913221,-0.02925224,2.32823,-0.4119146,-0.1912432,2.45494,-0.3511447,-0.1348175,2.454446,0.1420473,-0.1472674,2.456604,-0.1297186,0.003951016,2.349928,-0.3551157,-0.07100192,2.490498,-0.3345847,-0.1650806,2.436021,0.623347,-0.1374066,2.676707,0.09039605,0.02726083,2.427128,0.1058157,0.04360794,2.449172,0.07424255,-0.09757048,2.358345,0.1170627,-0.1910497,2.35495
0.133964,-1.039103,2.974609,0.4401914,-1.042275,2.90487,0.7395379,-1.040512,2.822853,0.8842776,-1.03152,2.928549,0.6261206,-0.8971307,2.928939,0.3672133,-0.8613421,2.901625,0.07630958,-0.8031967,2.888565,-0.01920032,-0.7965481,2.889627,0.7069532,-1.076485,2.725716,0.8664633,-0.9978791,2.583451,0.9747267,-0.9465294,2.392017,0.9664242,-0.9479321,2.394135,0.1326811,-0.9707757,2.972926,-0.07197474,-0.9414832,2.635454,-0.3806098,-0.8878152,2.439512,-0.3940411,-0.9437426,2.297901,0.1321665,-1.080952,2.900846,-0.06747303,-1.048474,2.560633,-0.3636371,-1.015168,2.34164,-0.3773018,-0.8759703,2.329059,0.6659535,-1.041876,2.845836,-0.09685088,-0.7807077,2.867221,0.01741285,-0.7281148,2.870324,0.9754883,-0.9683222,2.30905,0.972177,-0.8958315,2.351177
0.1353765,-0.08176605,2.601646,0.4328722,-0.1022658,2.666339,0.7237737,-0.1352057,2.716018,0.8356249,-0.1327933,2.758846,0.6665853,-0.1598465,2.806758,0.5193669,-0.1789465,2.603085,0.4836232,0.04084902,2.678654,0.4463199,0.1086785,2.661779,0.6920172,-0.2627863,2.603149,0.4661526,-0.1963285,2.52696,0.3240729,-0.2227532,2.326977,0.2920912,-0.2199435,2.263464,0.1300328,-0.05133612,2.627024,-0.2183084,0.02744517,2.408941,-0.424136,-0.1780231,2.460123,-0.5232797,-0.2127074,2.412393,0.1379305,-0.1091982,2.507228,-0.05952087,-0.000303061,2.246276,-0.3975677,-0.1794824,2.259547,-0.3864232,-0.2742173,2.223917,0.6522219,-0.1271409,2.706095,0.4803255,0.1493435,2.70021,0.4426341,0.107781,2.639797,0.2699565,-0.2376788,2.211963,0.2759802,-0.2042179,2.262375
0.1390234,-0.1105803,2.509427,0.459428,-0.1242457,2.607866,0.769399,-0.1381987,2.695208,0.8800855,-0.1305454,2.753027,0.5906718,0.02007165,2.784083,0.5484872,-0.091438,2.559637,0.3344477,-0.1250522,2.441216,0.279077,-0.1352581,2.426354,0.6222953,-0.1445476,2.548777,0.5176428,-0.2065149,2.391926,0.4165682,-0.2419301,2.23438,0.3836588,-0.2540707,2.185574,0.1366809,-0.07541985,2.479454,0.05913525,-0.2080142,2.34365,-0.3285348,-0.1785871,2.425652,-0.3125894,-0.2730304,2.37724,0.1336663,-0.1434412,2.471297,-0.16147,-0.1801111,2.327377,-0.5280159,-0.2156019,2.208668,-0.5087612,-0.3093079,2.160937,0.6929973,-0.1350555,2.67547,0.2115591,-0.1528651,2.364578,0.3068276,-0.194225,2.416526,0.3631776,-0.2582356,2.151273,0.362563,-0.253006,2.135547
0.1405387,-0.1434892,2.446326,0.454002,-0.08278728,2.523223,0.7537306,-0.02442609,2.583839,0.8435584,0.03583086,2.646403,0.6275789,0.1424361,2.635484,0.727368,-0.02737191,2.479423,0.8199165,-0.2008217,2.329977,0.8572817,-0.2154722,2.303751,0.6690795,-0.1545875,2.470707,0.8515247,-0.2063031,2.326101,0.6108769,-0.1657139,2.347285,0.5447253,-0.1516386,2.408604,0.1296633,-0.09792552,2.426537,0.0001563317,-0.2623561,2.156842,-0.3716423,-0.2494569,2.044364,-0.3463672,-0.3048194,1.933917,0.145948,-0.1856057,2.392246,-0.1810971,-0.1259233,2.392942,-0.3783546,-0.2813743,2.408567,-0.353874,-0.3368912,2.297966,0.6811811,-0.03845586,2.571903,0.8922377,-0.2276555,2.276992,0.8936097,-0.2008806,2.297833,0.4750948,-0.1375716,2.376366,0.559579,-0.09864551,2.393712
0.1417399,-0.1111878,2.511072,0.460168,-0.1246032,2.608456,0.7682395,-0.1375663,2.695068,0.8788303,-0.1308313,2.754196,0.5895136,0.02070313,2.78394,0.547336,-0.09080938,2.559493,0.3333007,-0.124411,2.441065,0.2789143,-0.1352,2.426525,0.6770533,-0.1688899,2.556872,0.5208924,-0.1883166,2.402264,0.419816,-0.2238063,2.244716,0.3869083,-0.2359419,2.195913,0.1410599,-0.07486708,2.478634,0.05686826,-0.2075092,2.343075,-0.328966,-0.1787674,2.425932,-0.3110699,-0.2721896,2.373178,0.1401433,-0.1439913,2.477611,-0.1536255,-0.1797098,2.329589,-0.5200565,-0.2148641,2.210274,-0.4989735,-0.3075616,2.158172,0.6925783,-0.1345378,2.67546,0.2113454,-0.1509027,2.365526,0.3072818,-0.1937656,2.41645,0.3664199,-0.2401885,2.161604,0.3656723,-0.2365197,2.144724
0.1518597,-1.027529,2.763572,0.4503109,-1.037398,2.79708,0.7397441,-1.044092,2.817108,0.8615404,-1.039182,2.718444,0.6976537,-0.9184337,2.899187,0.4343533,-0.8734462,2.869092,0.1409857,-0.7980212,2.844146,0.05436072,-0.7956542,2.855238,0.7034226,-1.080939,2.720038,0.8943035,-0.9929346,2.539426,1.079648,-0.9310687,2.355065,1.083911,-0.9397467,2.349136,0.1375806,-0.9716057,2.765858,0.02696615,-0.7454796,2.87971,-0.2072016,-1.017675,2.830953,-0.261245,-0.9968625,2.680975,0.1604516,-1.055827,2.685796,-0.1774456,-1.011631,2.508288,-0.51974,-0.9489374,2.390326,-0.4612095,-0.9582132,2.279382,0.6686355,-1.043231,2.814758,-0.03371517,-0.769568,2.845955,0.05810465,-0.8422709,2.825459,1.103231,-0.9312075,2.333491,1.063358,-0.9566883,2.297997
0.157357,-0.09368108,1.64985,0.2309371,0.07746959,1.920414,0.3018949,0.2415571,2.180686,0.2057813,0.3204084,2.223172,0.2683969,-0.01014106,1.518754,0.09555757,-0.02246399,1.373307,-0.04202153,-0.08154776,1.209109,-0.0568353,-0.08434705,1.157606,0.4571869,0.1879724,2.173702,0.3358983,0.2978062,2.154897,0.1770352,0.274103,2.145491,0.1476254,0.2718799,2.154638,0.1579525,-0.09809928,1.528477,-0.1230466,-0.1321738,1.251387,-0.4866518,-0.2427102,0.7833748,-0.4401352,-0.2282704,0.6909199,0.1516047,-0.08593296,1.712096,-0.0497909,-0.1288764,1.372135,-0.101134,-0.2043674,1.136913,-0.0184022,-0.1826644,1.170929,0.2844148,0.2012284,2.117454,-0.06532088,-0.09912348,1.116428,-0.05577604,-0.05184961,1.135435,0.1125784,0.2614289,2.14514,0.1478429,0.2362125,2.137866
0.1588269,-0.09007458,1.650923,0.2322672,0.07858837,1.920488,0.3030255,0.2406832,2.180062,0.2112934,0.3251628,2.223533,0.2802751,-0.01452231,1.522678,0.1029765,-0.02146102,1.382535,-0.03500367,-0.07954317,1.218313,-0.05364315,-0.08059011,1.168247,0.4583151,0.1870999,2.173076,0.3518177,0.3073463,2.154116,0.1984255,0.2590424,2.147553,0.1784624,0.256423,2.152854,0.1599766,-0.09424733,1.526792,-0.1201975,-0.131403,1.249207,-0.6228243,-0.2058572,1.011026,-0.5566717,-0.2096323,0.897979,0.1527023,-0.08235002,1.715871,-0.04829838,-0.1260878,1.375776,-0.1021105,-0.2032687,1.135738,-0.01930991,-0.1817362,1.169738,0.285694,0.200879,2.117015,-0.06298289,-0.09753818,1.132196,-0.06053166,-0.06458108,1.112167,0.1333206,0.2481933,2.149659,0.1899492,0.22051,2.134714
0.1620594,-0.1114915,2.582427,0.4583217,-0.120034,2.686928,0.7518305,-0.1251765,2.769588,0.8595988,-0.145876,2.800042,0.5732467,0.03299298,2.858362,0.440775,0.1317345,2.666385,0.2521557,0.2641451,2.58424,0.2046445,0.310183,2.569865,0.6283564,-0.1423191,2.610317,0.4732718,-0.1224895,2.409889,0.3569412,-0.1563119,2.233446,0.3188686,-0.1677911,2.178367,0.1634565,-0.08811755,2.532926,-0.09817315,-0.01144196,2.654807,-0.4145945,-0.1272732,2.462224,-0.3983444,-0.2225967,2.415402,0.1523595,-0.1319802,2.565646,-0.2639722,-0.1781294,2.435822,-0.6398084,-0.2149202,2.329457,-0.7108721,-0.2114987,2.321662,0.6788076,-0.1245914,2.751876,0.1570145,0.3658885,2.559903,0.1739944,0.30243,2.577101,0.2986478,-0.1723182,2.143982,0.2971677,-0.1697093,2.126258
0.1625063,-0.09155113,1.649319,0.2377485,0.07701609,1.918858,0.3103367,0.2388483,2.178196,0.2171427,0.321278,2.222368,0.282099,-0.01475082,1.523098,0.1053096,-0.02235805,1.38231,-0.03352603,-0.07985733,1.218613,-0.05333715,-0.08016434,1.168989,0.4656083,0.1852675,2.171202,0.3575899,0.3042176,2.15147,0.2046818,0.2544868,2.147254,0.1863359,0.253311,2.15153,0.1646004,-0.095387,1.524202,-0.1178361,-0.1324361,1.248974,-0.6311863,-0.2072618,1.010515,-0.5631886,-0.2102638,0.8984915,0.1546908,-0.08423312,1.715537,-0.04760275,-0.1275977,1.37618,-0.1039416,-0.2044899,1.135864,-0.02130546,-0.1828815,1.170129,0.2925645,0.199113,2.115211,-0.06105136,-0.09028575,1.128216,-0.05456846,-0.05126467,1.137891,0.1222742,0.2450111,2.139735,0.1902463,0.2183575,2.135667
0.1626157,-0.1420825,2.476749,0.4625781,-0.08184946,2.535445,0.7538887,-0.02459695,2.584006,0.8434001,0.03600119,2.646765,0.6275055,0.1425538,2.635605,0.7274293,-0.02715993,2.479528,0.819117,-0.2007284,2.329647,0.8561171,-0.215705,2.30258,0.6693717,-0.1532765,2.470626,0.8514068,-0.2062039,2.325911,0.610754,-0.1656538,2.347106,0.5449731,-0.153417,2.407133,0.173058,-0.08757135,2.47154,0.0133452,-0.2163995,2.197701,-0.3584982,-0.2034948,2.085564,-0.3369306,-0.2599671,1.974447,0.1470392,-0.1937204,2.418738,-0.2012206,-0.1299361,2.383434,-0.3984951,-0.2855026,2.399082,-0.3771273,-0.3412668,2.288008,0.682458,-0.03829169,2.573057,0.8892441,-0.2270832,2.276512,0.8783337,-0.2005782,2.285108,0.4752879,-0.1417547,2.376724,0.5505689,-0.09592753,2.393574
0.1716637,-0.1702594,2.428559,0.4910846,-0.09230483,2.489604,0.7995921,-0.01628129,2.539599,0.9016241,-0.02732579,2.628722,0.6256365,0.009622915,2.406625,0.7017208,-0.1356124,2.323271,0.5872482,-0.2553238,2.382132,0.5389022,-0.2136996,2.408346,0.649722,-0.09192402,2.405492,0.7116634,-0.2466563,2.330062,0.8676936,-0.186832,2.475986,0.8933945,-0.2125547,2.514669,0.1483778,-0.1115206,2.389838,-0.2226025,-0.1770647,2.265273,-0.5899354,-0.1377002,2.225645,-0.6310072,-0.1814753,2.140645,0.1862116,-0.2229942,2.39524,-0.128819,-0.2173401,2.318226,-0.5043869,-0.1816053,2.375912,-0.5644673,-0.1777998,2.251425,0.7239313,-0.03507899,2.529115,0.4907877,-0.2135318,2.39407,0.571034,-0.2117942,2.391216,0.9418154,-0.2111857,2.533043,0.8817604,-0.1992086,2.51075
0.1731377,-0.1232995,2.429017,0.4694571,-0.07319151,2.512583,0.7539156,-0.02358471,2.584682,0.8422457,0.03834227,2.647914,0.6270643,0.1430857,2.635942,0.7259332,-0.02784341,2.480548,0.8188413,-0.2012506,2.331292,0.855287,-0.2154706,2.303941,0.6693302,-0.1545967,2.472876,0.8515951,-0.2059789,2.326677,0.6108807,-0.1658961,2.347985,0.5476587,-0.1510673,2.413298,0.1796836,-0.06320266,2.401902,0.001272111,-0.2744498,2.213502,-0.3832362,-0.2622946,2.224209,-0.3533116,-0.3170986,2.114477,0.1597864,-0.1791475,2.387703,-0.1308309,-0.05912309,2.220885,-0.3920857,-0.1367325,2.129211,-0.3617515,-0.1933142,2.019391,0.6845089,-0.03631295,2.569271,0.8919222,-0.2275745,2.276192,0.890384,-0.1982619,2.2975,0.4768594,-0.1388309,2.381634,0.5549831,-0.09894231,2.394967
0.1873479,-0.1323897,2.435216,0.4779934,-0.07418254,2.517385,0.7546446,-0.0225581,2.585668,0.8418452,0.04067056,2.649104,0.626103,0.1443512,2.636953,0.7248298,-0.02709534,2.482068,0.8160812,-0.2008755,2.332146,0.8537,-0.2153116,2.304465,0.6709848,-0.1492879,2.473233,0.8497766,-0.2056803,2.327896,0.6089021,-0.1669667,2.349599,0.546067,-0.1515787,2.413672,0.1796589,-0.06655636,2.407951,0.0136606,-0.2768148,2.205413,-0.3710183,-0.264598,2.21483,-0.3425722,-0.3203784,2.105469,0.1896855,-0.19656,2.393363,-0.09906457,-0.1348998,2.228665,-0.3604572,-0.2121484,2.137019,-0.44684,-0.1788682,2.164706,0.6873245,-0.03645814,2.572258,0.8894683,-0.2271387,2.277083,0.8802221,-0.1984701,2.288802,0.4765683,-0.142148,2.383134,0.5533321,-0.09731276,2.394816
0.2033508,-0.1062786,2.639427,0.4564261,-0.08218393,2.696797,0.7006342,-0.0603289,2.744233,0.8015005,0.00685095,2.76673,0.5425644,0.06689818,2.729668,0.3600323,0.1742057,2.697099,0.1883955,0.1703831,2.633195,0.1486685,0.1579513,2.618807,0.7315803,-0.1796446,2.706279,0.5024027,-0.1899725,2.602864,0.4774465,-0.2385273,2.423176,0.4135426,-0.2128853,2.382205,0.1849883,-0.05774388,2.627927,-0.1381497,-0.1551234,2.332675,-0.4393704,-0.1757544,2.157963,-0.4044907,-0.2184168,2.040695,0.2150537,-0.1517863,2.585871,-0.01965212,0.03985863,2.453904,-0.38504,-0.08354811,2.42793,-0.4184228,-0.1158074,2.291905,0.640928,-0.06509312,2.734246,0.09363487,0.1256631,2.584005,0.137655,0.1290813,2.591364,0.3751196,-0.2105277,2.370086,0.4140957,-0.196849,2.350362
0.2094308,-0.2708126,1.857927,0.3229453,-0.2806762,1.602682,0.4304884,-0.2906511,1.338284,0.5191926,-0.2573261,1.280223,0.224972,-0.28728,1.295791,0.2749921,-0.2472868,1.112318,0.4899051,-0.2991369,1.001662,0.5456332,-0.2849742,0.886066,0.4529994,-0.3554071,1.28359,0.4614283,-0.1948437,1.420107,0.3633017,-0.2348545,1.191403,0.4398763,-0.2749195,1.151518,0.1767756,-0.2463321,1.857076,0.2102553,-0.218297,1.44696,0.08574155,0.01882118,1.546717,0.04162581,-0.08083267,1.558714,0.2328289,-0.2890972,1.787613,0.2834536,-0.2402229,1.389735,0.1115873,-0.2538317,1.722864,0.01305465,-0.2854182,1.633465,0.404762,-0.2883814,1.406599,0.5814754,-0.2766497,0.8448331,0.5880261,-0.3184283,0.8790001,0.4380818,-0.2750529,1.132586,0.4315889,-0.2689159,1.131596
0.2120021,-0.2623948,1.7791,0.3207422,-0.2851824,1.581026,0.4238058,-0.3025541,1.371597,0.5117402,-0.269513,1.313837,0.217887,-0.2987925,1.33184,0.2678458,-0.2546588,1.139768,0.474077,-0.2915965,1.006255,0.5464861,-0.2862926,0.8873118,0.4463449,-0.3672362,1.31692,0.4660044,-0.183663,1.323115,0.3410675,-0.243007,1.112447,0.3790062,-0.2859371,1.095107,0.1974146,-0.2428276,1.79873,0.4513158,-0.1514541,1.601382,0.1613071,-0.1328544,1.604849,0.2359117,-0.12468,1.658534,0.2186422,-0.2702957,1.699661,0.2916512,-0.2508037,1.362195,0.1193953,-0.2565607,1.695906,0.002838336,-0.2777353,1.666199,0.3992611,-0.2982879,1.426543,0.5791711,-0.2747356,0.842284,0.5994877,-0.3340292,0.9040303,0.3179493,-0.2661729,1.047033,0.3002375,-0.2531554,1.037376
0.2154381,-0.1406274,2.636037,0.4581063,-0.0992591,2.695547,0.6968547,-0.06094847,2.745856,0.7971442,0.002871583,2.765341,0.6016734,0.05332018,2.753457,0.3880434,0.1729366,2.719759,0.2130701,0.1776405,2.659813,0.1565875,0.1662137,2.631111,0.7305573,-0.1704619,2.680193,0.4964072,-0.1886257,2.590541,0.4213539,-0.01962421,2.690274,0.3828692,-0.005668256,2.642838,0.1989234,-0.09298895,2.619099,-0.1410412,-0.1523702,2.3392,-0.4360761,-0.1782044,2.165972,-0.4041278,-0.2275034,2.051757,0.226746,-0.184405,2.583914,-0.0008799303,0.02879938,2.483343,-0.3657131,-0.09433673,2.457425,-0.4012627,-0.1205642,2.320385,0.6385684,-0.0711813,2.735305,0.09731841,0.136895,2.596782,0.1197477,0.162802,2.588,0.3061554,0.02832143,2.641652,0.4276705,0.03330621,2.6962
0.2180909,-0.1465492,2.634073,0.4615925,-0.09681192,2.696862,0.6967579,-0.05458381,2.747807,0.7986968,0.007913452,2.771008,0.5441502,0.07157598,2.73924,0.359669,0.1722419,2.701381,0.1887749,0.1724111,2.635502,0.1332718,0.1516057,2.6131,0.7344404,-0.1712291,2.691855,0.5036175,-0.1901799,2.594591,0.6738274,-0.1546333,2.611063,0.7652634,-0.145282,2.679845,0.1987304,-0.10174,2.615057,-0.1395821,-0.153212,2.3318,-0.4381722,-0.175684,2.155897,-0.4049847,-0.2215365,2.039867,0.2315144,-0.1891074,2.58421,0.0150877,0.03316008,2.477187,-0.3505862,-0.09025463,2.451279,-0.3904234,-0.117964,2.316236,0.6392561,-0.06421214,2.736948,0.08771526,0.1283373,2.582788,0.1062488,0.1566235,2.579286,0.8050401,-0.1292295,2.658077,0.7174714,-0.1613304,2.68136
0.2263349,-0.1292575,2.434372,0.4926057,-0.07679754,2.514609,0.7534565,-0.02392753,2.583738,0.844025,0.035573,2.645838,0.7010854,0.08027633,2.622459,0.7757431,-0.08498636,2.447361,0.7847683,-0.2539982,2.380689,0.7889247,-0.3104692,2.362082,0.6695092,-0.1522343,2.470608,0.850778,-0.2077879,2.327018,0.6103026,-0.1671793,2.348158,0.543765,-0.1521094,2.407057,0.2077976,-0.06526503,2.407485,-0.01886673,-0.2372582,2.23257,-0.3896741,-0.2251483,2.116318,-0.3594011,-0.2823902,2.008169,0.2439984,-0.1892933,2.382482,-0.08309136,-0.2019533,2.240643,-0.3471326,-0.204289,2.123639,-0.3175221,-0.2618552,2.015343,0.6879405,-0.0369034,2.568788,0.8028256,-0.3069708,2.330566,0.7910075,-0.286814,2.336198,0.4749807,-0.1386374,2.374351,0.5569344,-0.09851796,2.392244
0.2344877,-0.2355457,2.502036,0.4942801,-0.1172823,2.547127,0.7376724,-0.006435475,2.595303,0.8361285,0.04317883,2.646752,0.6307002,0.139723,2.633204,0.7277038,-0.03247124,2.47842,0.8327238,-0.1926328,2.322712,0.8600753,-0.2126828,2.301737,0.6782555,-0.1238499,2.473891,0.8503336,-0.2075555,2.322834,0.6077422,-0.1877918,2.346998,0.5389455,-0.1712029,2.412229,0.1962853,-0.185256,2.504974,0.04243018,-0.1669303,2.196394,-0.3257604,-0.1575925,2.072131,-0.316357,-0.2181758,1.962173,0.2677623,-0.2763429,2.429936,-0.1180116,-0.1597504,2.36343,-0.5003363,-0.2866853,2.284893,-0.4558843,-0.2779485,2.144161,0.6787798,-0.03346095,2.583996,0.8920341,-0.2289946,2.278023,0.8745,-0.193434,2.291124,0.4699724,-0.1792986,2.378267,0.545459,-0.120093,2.390188
0.2364603,-0.9278508,2.768628,0.5580504,-0.9391328,2.768388,0.8702652,-0.9457502,2.756119,1.03765,-0.9838406,2.762773,0.8313102,-0.7734726,2.762903,0.555615,-0.7532511,2.777253,0.2629452,-0.7231082,2.692513,0.163768,-0.7223606,2.688381,0.6867552,-1.05158,2.659097,0.8063013,-1.041343,2.457175,0.5314342,-1.032308,2.479315,0.4548472,-1.036122,2.504091,0.2452398,-0.8434989,2.741389,0.01846874,-0.6743686,2.651185,-0.2196522,-0.9437614,2.673523,-0.307247,-0.9116955,2.549888,0.2211609,-0.9860376,2.719644,-0.09751489,-1.007304,2.495273,-0.4558476,-1.015886,2.421139,-0.5140827,-0.9705138,2.32505,0.7939548,-0.9452166,2.761395,0.09591936,-0.6904025,2.644788,0.1667124,-0.6658028,2.68516,0.3651372,-1.081225,2.497987,0.4269512,-1.018699,2.400072
0.237361,-0.0848476,1.780478,0.05697999,-0.1180247,1.848625,-0.119763,-0.1502308,1.907991,-0.2229842,-0.1380664,1.926417,-0.04503487,-0.2127703,1.880752,0.07855354,-0.2124899,1.810543,0.1199754,-0.04473076,1.751587,0.151603,-0.04057406,1.745236,-0.08366969,-0.04418669,1.891923,-0.09107293,0.02034911,2.049189,-0.09431601,0.1191636,2.193016,-0.08187005,0.1623611,2.193,0.2408982,-0.1192898,1.756296,0.5078872,-0.06634361,1.589103,0.7415536,-0.1488054,1.360812,0.6575859,-0.1482367,1.387483,0.2272168,-0.04827109,1.755751,0.5070648,0.03693767,1.63775,0.666167,-0.1028424,1.441566,0.6411898,-0.1152717,1.347065,-0.0759225,-0.1424868,1.894651,0.1839971,-0.01772617,1.746099,0.113409,-0.0001603629,1.749063,-0.04285226,0.1835607,2.153661,-0.103281,0.1198317,2.144956
0.2383594,-0.1319776,2.638701,0.467835,-0.09221716,2.695906,0.6974117,-0.05586504,2.744498,0.7967776,0.007185698,2.766505,0.6200259,0.063892,2.766499,0.4002462,0.1637874,2.707008,0.2200294,0.1744031,2.645702,0.1522975,0.1618854,2.621737,0.7316023,-0.1686813,2.679882,0.4982552,-0.1902421,2.589417,0.6201997,-0.1514926,2.45628,0.6615844,-0.1388454,2.415622,0.2241905,-0.08333751,2.612773,-0.1268209,-0.1505449,2.343759,-0.4397978,-0.1770996,2.159985,-0.407546,-0.2276077,2.046598,0.2499139,-0.1769237,2.59696,0.08250286,0.08558961,2.494829,-0.2830163,-0.0379042,2.469116,-0.3348138,-0.07466054,2.342492,0.6405016,-0.0650679,2.734227,0.09546428,0.1329044,2.584829,0.1014349,0.1500716,2.582667,0.5821507,-0.1065778,2.406198,0.6991695,-0.09624781,2.4613
0.2399203,-0.2444747,1.838606,0.3328547,-0.2551787,1.634423,0.4114981,-0.2778038,1.414381,0.498472,-0.2436289,1.357247,0.2057658,-0.2740211,1.374403,0.2852403,-0.2660912,1.129676,0.5092273,-0.2890748,1.028518,0.547365,-0.287442,0.8868936,0.4341027,-0.3425455,1.359757,0.4540997,-0.1596632,1.367582,0.4761139,-0.2683448,1.154522,0.4946097,-0.2812701,1.079299,0.1948167,-0.2404591,1.812682,0.4350767,-0.2120302,1.577884,0.1696081,-0.2144917,1.684328,0.1427881,-0.3093886,1.648685,0.2756306,-0.2396871,1.795766,0.2634485,-0.2284363,1.449469,0.09182172,-0.2342925,1.782817,0.06664559,-0.329039,1.747068,0.3931621,-0.2722893,1.471788,0.5799296,-0.2750887,0.8417788,0.6180116,-0.336024,0.9134,0.5151396,-0.2859534,0.9955499,0.5314171,-0.256457,1.082394
0.2432993,-0.1889981,2.485701,0.480088,-0.07897381,2.552062,0.7139835,0.02807567,2.607967,0.7967893,0.09545937,2.673985,0.6682214,0.138942,2.622179,0.7490643,-0.03651262,2.462313,0.8210654,-0.2205734,2.3532,0.8376073,-0.1970772,2.312877,0.6737985,-0.115026,2.473636,0.8425199,-0.1900687,2.32203,0.5980414,-0.2023523,2.32159,0.5081732,-0.1985918,2.386032,0.2181308,-0.1417394,2.472037,-0.03045554,-0.1777118,2.244029,-0.4000132,-0.1593697,2.126853,-0.3820947,-0.2172306,2.016163,0.2662122,-0.2323213,2.427047,-0.1224554,-0.1433846,2.352742,-0.4812907,-0.2348464,2.239579,-0.4636222,-0.2335146,2.093402,0.6564111,0.001782375,2.596235,0.870313,-0.2220719,2.274285,0.8579122,-0.1707002,2.293563,0.4543876,-0.2070899,2.339057,0.502368,-0.1499712,2.363804
0.2492414,-0.2167771,2.474896,0.4924866,-0.1057426,2.542797,0.7273025,0.002419057,2.599538,0.8218324,0.05821327,2.649555,0.6309218,0.1404474,2.633783,0.7267194,-0.03151256,2.478574,0.8313401,-0.1923407,2.323984,0.8260202,-0.2033466,2.322681,0.6669815,-0.12178,2.472955,0.8452658,-0.2037894,2.32501,0.6030775,-0.1842487,2.349009,0.5402002,-0.1671285,2.415986,0.2224327,-0.1672062,2.449732,-0.0477497,-0.1823391,2.248727,-0.4145009,-0.1671531,2.122211,-0.3979928,-0.2284808,2.014017,0.2698905,-0.2623795,2.429212,-0.1147162,-0.1587346,2.359256,-0.4969232,-0.2856369,2.28076,-0.452594,-0.2769173,2.140274,0.6697648,-0.02430362,2.587432,0.8571113,-0.2268464,2.279211,0.8638814,-0.1797248,2.305778,0.4707394,-0.1712268,2.385725,0.540174,-0.1204969,2.390074
0.2502007,-0.2066769,1.861186,0.3335355,-0.2454807,1.641472,0.4119275,-0.2801684,1.409729,0.4989761,-0.2461047,1.352546,0.2061747,-0.2763824,1.369762,0.3785886,-0.2618767,1.302785,0.4713203,-0.2747779,1.069278,0.5157962,-0.2923722,0.9991304,0.4345283,-0.3449057,1.3551,0.4875196,-0.315205,1.13794,0.53092,-0.2477307,0.9673417,0.5472993,-0.2801594,0.881756,0.2110755,-0.194353,1.83483,0.4931924,-0.07630393,1.859895,0.2286499,-0.0798861,1.966061,0.2308035,-0.08562101,1.846283,0.2797792,-0.2112578,1.81853,0.264165,-0.2310768,1.46047,0.09260745,-0.2369248,1.793756,0.06793001,-0.3315068,1.766553,0.3933025,-0.2720564,1.469789,0.5124696,-0.2894286,0.9003085,0.5277786,-0.2634744,0.9474,0.5653802,-0.2338721,0.8217166,0.5848512,-0.317517,0.8738
0.2525604,-0.2014626,1.883222,0.2862647,-0.2324191,1.570888,0.3260988,-0.2677603,1.247703,0.408376,-0.2204974,1.213425,0.2605818,-0.1968305,1.343466,0.3386752,-0.2215446,1.144611,0.3882736,-0.2212695,1.332161,0.4058756,-0.2219099,1.398272,0.3381264,-0.3401081,1.21839,0.3699978,-0.1538391,1.187717,0.3525566,-0.269687,0.9676529,0.3402761,-0.2834483,0.9511879,0.2201192,-0.1503578,1.830406,0.02042793,-0.2440697,2.015171,0.1814031,-0.2454871,1.770235,0.1003469,-0.2155211,1.820649,0.2757545,-0.2451572,1.867339,0.1032002,-0.2091923,1.447391,0.4304212,-0.3224653,1.258503,0.3899369,-0.2944241,1.115834,0.3116308,-0.2612211,1.32752,0.4485223,-0.2209956,1.423617,0.3712402,-0.2206592,1.36322,0.3103841,-0.319203,0.900421,0.3365068,-0.3254095,0.9853
0.2718801,-0.2012381,2.455491,0.5151952,-0.0848468,2.521642,0.7486768,0.02794493,2.578509,0.8201298,0.1039551,2.650954,0.6953806,0.1428441,2.605978,0.6828018,-0.05852531,2.456264,0.6220665,-0.2824149,2.378896,0.5663964,-0.290302,2.361203,0.8216708,-0.126063,2.644644,0.7071202,-0.1861757,2.42476,0.8710955,-0.2186245,2.529814,0.8922197,-0.2171002,2.516014,0.2280438,-0.1408543,2.432664,-0.1178839,-0.1838316,2.259784,-0.4806327,-0.160219,2.123992,-0.4410826,-0.2037967,2.009917,0.3087585,-0.2566223,2.412966,0.04796427,-0.08347004,2.307799,-0.3290119,-0.1600452,2.307856,-0.4100302,-0.1657934,2.200598,0.6915507,0.0002378814,2.566153,0.5404654,-0.2887535,2.343372,0.5809741,-0.2932289,2.354221,0.9425651,-0.2260392,2.519859,0.8697979,-0.2072398,2.508125
0.275705,-0.1936879,2.138678,0.3405429,-0.1847237,1.883102,0.4005503,-0.1745421,1.616932,0.4599759,-0.1378714,1.549585,0.2867119,-0.1616078,1.691417,0.446546,-0.1423054,1.530945,0.5395033,-0.1997028,1.304701,0.5524652,-0.2142334,1.22742,0.3485599,-0.2776648,1.623263,0.4950489,-0.1305104,1.492792,0.5300255,-0.1681248,1.284038,0.5609941,-0.205349,1.222309,0.2533994,-0.1429036,2.114631,0.2780888,-0.01737525,2.358676,0.2749477,0.06403286,2.077049,0.295279,0.05653988,2.157636,0.2870209,-0.2385459,2.097646,0.4006906,-0.05463997,1.604345,0.3095594,-0.3314222,1.617569,0.3885501,-0.4030001,1.567038,0.3864185,-0.1773389,1.685522,0.5708669,-0.2329443,1.147347,0.5105026,-0.2400307,1.239762,0.5795409,-0.2238752,1.142684,0.5260054,-0.2247425,1.209879
0.2937848,-0.2128517,2.132983,0.3629999,-0.2051416,1.869126,0.426833,-0.1966577,1.592915,0.4867381,-0.1607739,1.524955,0.2986764,-0.1484231,1.699779,0.4497999,-0.1128288,1.49705,0.5307655,-0.1813214,1.269302,0.556676,-0.2077225,1.200734,0.4272839,-0.3037768,1.606156,0.5492357,-0.1414624,1.453482,0.5912058,-0.1696179,1.23665,0.5885147,-0.203421,1.168761,0.2567324,-0.1736464,2.110754,0.2988886,-0.02999124,2.344237,0.2956861,0.05146124,2.062619,0.314474,0.03923069,2.143116,0.3175288,-0.2584824,2.077218,0.4260496,-0.07629168,1.579884,0.3346728,-0.3529567,1.593125,0.4130976,-0.4240379,1.542814,0.4116859,-0.1992748,1.664179,0.5702139,-0.2231091,1.123456,0.525556,-0.2325177,1.199067,0.6125278,-0.2318088,1.095898,0.54879,-0.2102023,1.152414
0.2986504,-0.2056256,2.116435,0.3614708,-0.1958401,1.860616,0.4203459,-0.182717,1.592862,0.4806333,-0.1463725,1.52519,0.2951923,-0.1601069,1.687681,0.4691027,-0.1354145,1.509292,0.5547023,-0.1988769,1.28191,0.5661895,-0.2167669,1.20378,0.3637901,-0.2736417,1.607116,0.4911946,-0.11035,1.460208,0.5280267,-0.1458084,1.249582,0.5654967,-0.2009287,1.21972,0.2729997,-0.1536774,2.069058,0.2811952,-0.03570611,2.317595,0.278042,0.04578221,2.035978,0.2972816,0.04458129,2.116961,0.314117,-0.2452,2.089671,0.4203221,-0.06271625,1.580334,0.3289906,-0.339495,1.593596,0.4075172,-0.4108363,1.543208,0.4065265,-0.1864333,1.661915,0.5854667,-0.2360504,1.131862,0.5274144,-0.2428395,1.212387,0.5733852,-0.2117866,1.174393,0.5298576,-0.2028688,1.223349
0.3155755,-0.113069,1.925629,0.3448177,-0.156074,1.795295,0.3720259,-0.1896542,1.653233,0.4283451,-0.1350201,1.76603,0.5024065,-0.1274817,1.282047,0.4076651,-0.1314589,1.492553,0.4544303,-0.1889955,1.252001,0.4800594,-0.17365,1.204683,0.3734864,-0.2970228,1.666991,0.4436018,-0.2258933,1.430202,0.4678605,-0.1731832,1.18495,0.5037081,-0.1828874,1.12737,0.3301142,-0.08191921,1.883478,0.1693358,0.00737465,2.101044,0.331567,0.09478077,1.873637,0.2384973,0.04677732,1.815003,0.28974,-0.1402334,1.899332,0.19395,-0.03306339,1.584442,0.2728956,-0.1117163,1.206859,0.178275,-0.1549712,1.148635,0.3645943,-0.1813357,1.694148,0.5348713,-0.1573972,1.12905,0.4914715,-0.2556093,1.21028,0.5261689,-0.1998811,1.048269,0.5289861,-0.1466654,1.1318
0.3234661,-0.1553331,1.792686,0.615316,-0.1619383,1.811092,0.8957579,-0.1651356,1.819214,1.042269,-0.1657649,1.827366,0.8292418,-0.1267272,1.599984,0.7165906,0.006507528,1.759096,0.5175385,0.1399585,1.800286,0.4719858,0.1856886,1.81965,0.8015253,-0.2195042,1.764053,1.034375,-0.1838354,1.748373,0.8312769,-0.192021,1.603265,0.817636,-0.1346072,1.595612,0.3276919,-0.1201779,1.735749,-0.0549968,-0.1463361,1.641473,-0.3242981,-0.1868338,1.718342,-0.4282826,-0.1511539,1.692228,0.3060428,-0.1865395,1.770434,0.01125449,-0.2689576,1.826002,-0.3767902,-0.2494519,1.825273,-0.4304729,-0.1709238,1.728531,0.828212,-0.1653023,1.818633,0.4004913,0.1945048,1.710765,0.4619047,0.2036462,1.7562,0.7757629,-0.1299498,1.574294,0.7945119,-0.133947,1.593809
0.3238928,-0.1601224,1.457999,0.5758966,-0.1201063,1.443937,0.8099708,-0.07870736,1.422699,0.8126045,-0.1710913,1.427198,0.806083,0.03222657,1.470725,0.5902493,-0.07014298,1.382996,0.8169436,-0.1340605,1.336436,0.8773326,-0.1478942,1.342695,0.8850014,-0.1240299,1.363104,0.642085,-0.1841698,1.320854,0.4009042,-0.1308899,1.334538,0.3331803,-0.1492589,1.337829,0.3058457,-0.1118764,1.445976,-0.09644999,-0.2444734,1.303122,-0.4680723,-0.1922123,1.210444,-0.5085933,-0.2321816,1.129076,0.3268465,-0.2008153,1.404067,-0.1120833,-0.2159041,1.361751,-0.4904946,-0.2311814,1.329324,-0.4988738,-0.1860987,1.191171,0.7537786,-0.089176,1.429617,0.9203861,-0.1978059,1.340765,0.8899367,-0.09522837,1.305243,0.2696258,-0.1418369,1.313941,0.3149476,-0.1140552,1.370364
0.3245758,-0.903128,2.528002,0.5818468,-0.8915023,2.496931,0.8305057,-0.876132,2.456013,0.9528092,-0.8300885,2.463774,0.7004082,-0.6986132,2.556006,0.4394245,-0.6414682,2.623988,0.2330532,-0.5908397,2.66928,0.1685445,-0.5595528,2.714015,0.7367957,-0.9844289,2.397894,0.720305,-0.9854503,2.166619,0.4805036,-0.9842626,2.331448,0.4013964,-0.9719939,2.389807,0.3146467,-0.8302642,2.521099,-0.1302214,-0.7098158,2.48445,-0.4742403,-0.6363677,2.407513,-0.5453812,-0.6446683,2.317018,0.3258415,-0.9522309,2.467953,-0.1715132,-0.9605636,2.278394,-0.4938404,-0.9524904,2.17379,-0.5041865,-0.9150591,2.057406,0.769582,-0.8807476,2.468076,0.109222,-0.524107,2.758736,0.2232051,-0.5654846,2.6935,0.3348605,-0.9760151,2.423337,0.4316424,-0.9257995,2.358917
0.3258931,-0.09525841,1.961023,0.4046944,-0.1318469,1.762016,0.4805403,-0.1673978,1.551474,0.5370611,-0.08171001,1.639135,0.5614576,-0.1842486,1.348213,0.4559757,-0.1047239,1.541703,0.5893647,-0.205246,1.470337,0.5436493,-0.2231515,1.39342,0.4814995,-0.2749664,1.565369,0.4873571,-0.2688091,1.325291,0.556044,-0.2223123,1.087661,0.6101812,-0.2358928,1.057511,0.3422166,-0.07060319,1.933421,0.146697,-0.004023894,2.152992,0.2221048,-0.2416954,1.848901,0.2362627,-0.2253468,1.700334,0.3057784,-0.1151999,1.923763,0.4714502,0.0396511,1.53168,0.3517843,0.02653325,1.157847,0.2613979,-0.02751379,1.092889,0.4623115,-0.1589846,1.606495,0.54026,-0.2255132,1.384743,0.5355522,-0.2198279,1.372667,0.6571402,-0.2334854,1.011215,0.5679625,-0.2046186,1.023583
0.3362538,-0.1401856,1.362749,0.6367043,-0.1060419,1.380072,0.9158546,-0.07755271,1.38901,0.839122,-0.1244305,1.384485,0.8786007,0.03988008,1.43907,0.6570609,-0.01231327,1.35855,0.8569793,-0.141602,1.34867,0.8887709,-0.188229,1.329145,0.8879108,-0.222954,1.354175,0.6436191,-0.2469791,1.286301,0.405997,-0.1839691,1.245552,0.1986688,-0.1013043,1.202498,0.3238116,-0.08563735,1.351775,-0.09094103,-0.2184534,1.30396,-0.3712406,-0.2130047,1.095937,-0.4234478,-0.2582771,1.03805,0.3316015,-0.1881734,1.305929,-0.1094265,-0.195561,1.265564,-0.3630576,-0.3125043,1.183444,-0.3987764,-0.2483866,1.061524,0.8486675,-0.08466669,1.388252,0.9341518,-0.2507128,1.353368,0.9160995,-0.1326163,1.339447,0.1465973,-0.099301,1.240575,0.2263288,-0.05382547,1.16039
0.3430829,-0.1334297,2.086826,0.4228293,-0.1568012,1.859889,0.4977447,-0.1767913,1.621881,0.6027937,-0.1018001,1.619794,0.5088421,-0.03094535,1.672982,0.3469143,-0.2189551,1.670708,0.5205367,-0.2270383,1.491728,0.5831866,-0.2072008,1.456288,0.4987302,-0.2842128,1.63579,0.620495,-0.2064238,1.425268,0.5402067,-0.2515778,1.260217,0.5215868,-0.2601377,1.238,0.3351069,-0.07569431,2.039731,0.3032193,0.09857696,2.316405,0.2480766,0.1369584,2.579638,0.2099443,0.07895846,2.449197,0.3392761,-0.1852207,2.066912,0.4102461,-0.004159036,1.726677,0.3255278,-0.01762179,1.343403,0.2319143,-0.06160363,1.277645,0.4799689,-0.1722763,1.68347,0.6047052,-0.2125897,1.366941,0.5820328,-0.150498,1.455296,0.4640305,-0.2507074,1.126795,0.4725307,-0.2500721,1.1035
0.3435607,-0.1247659,1.355879,0.6380845,-0.1022061,1.377073,0.9153745,-0.07242265,1.387842,0.8380451,-0.1184538,1.38446,0.8746046,0.04137456,1.439304,0.6510746,0.02354624,1.316383,0.8429793,-0.1102391,1.349362,0.9024493,-0.1446997,1.348613,0.9224744,-0.1935589,1.373003,0.6806153,-0.2249454,1.299225,0.4443889,-0.1724982,1.237866,0.2253292,-0.1740043,1.158241,0.3317229,-0.07130939,1.347046,-0.0604592,-0.1954575,1.338936,-0.3589518,-0.2290575,1.097834,-0.4105768,-0.2686885,1.029925,0.3380116,-0.1713277,1.295704,-0.09985451,-0.2081625,1.295119,-0.4215735,-0.2817079,1.075779,-0.3461215,-0.2170401,1.053125,0.8479963,-0.0799593,1.386132,0.9356584,-0.1994346,1.359914,0.9256511,-0.1192164,1.35566,0.1954227,-0.138202,1.169808,0.2363809,-0.1499669,1.103619
0.3438383,-0.1669339,1.361496,0.6463975,-0.1222689,1.384926,0.928719,-0.07897295,1.401137,0.8531245,-0.1287185,1.411723,0.8742605,0.03988756,1.448084,0.6375228,-0.0434186,1.455776,0.7591372,-0.1253729,1.348079,0.8035133,-0.145811,1.300876,0.9365801,-0.196215,1.393224,0.6977192,-0.2265126,1.310474,0.4946009,-0.1247571,1.206268,0.3839889,-0.09688848,1.135466,0.3288967,-0.1143659,1.363964,-0.06384539,-0.3071978,1.326816,-0.3555586,-0.2322936,1.10009,-0.4098342,-0.2631789,1.027312,0.3412113,-0.2104739,1.29313,-0.09887277,-0.2014891,1.28734,-0.419194,-0.2901753,1.071468,-0.3500023,-0.2207321,1.056677,0.8607538,-0.08984485,1.398584,0.8251726,-0.1944203,1.302418,0.8068276,-0.112049,1.290898,0.3269957,-0.09356604,1.104956,0.3643695,-0.03747952,1.14514
0.3459936,-0.1595562,1.355356,0.6403668,-0.1165663,1.378978,0.9184091,-0.07479815,1.391077,0.8427415,-0.1244674,1.401828,0.8779526,0.04017785,1.439477,0.6691195,-0.003758081,1.389237,0.8139918,-0.05511371,1.294208,0.8564241,-0.07865207,1.326246,0.9333376,-0.2383966,1.388408,0.6912402,-0.2537614,1.310237,0.4597056,-0.1885319,1.24324,0.2158075,-0.1533072,1.168489,0.3321502,-0.1089365,1.349565,-0.05915341,-0.1983283,1.338128,-0.3558252,-0.2319479,1.099004,-0.3306534,-0.2683509,0.9778696,0.3426472,-0.2021682,1.29247,-0.09772948,-0.2008821,1.287364,-0.4303977,-0.2914805,1.092842,-0.3566303,-0.2260787,1.047864,0.8512208,-0.08512821,1.38992,0.9010114,-0.0745538,1.321772,0.819168,-0.1379282,1.286526,0.1723312,-0.137548,1.210219,0.2386635,-0.1095195,1.10444
0.3483219,-0.150811,1.388776,0.643259,-0.07883742,1.383353,0.9187614,-0.01304468,1.369307,0.8434649,-0.06068199,1.379963,0.7720972,-0.03249333,1.571265,0.5954089,-0.1051428,1.401574,0.3638538,-0.1177911,1.309986,-0.2114789,-0.1902328,1.120668,0.9139827,0.04434144,1.417064,1.030862,-0.1638553,1.38403,0.8048639,-0.1927849,1.281124,0.7306862,-0.1992033,1.215464,0.3373415,-0.1658164,1.392933,-0.04954704,-0.2470915,1.308765,-0.2927563,-0.2175377,1.130801,-0.3536571,-0.241494,1.059324,0.342806,-0.1266188,1.315605,-0.05099576,-0.2379011,1.311634,-0.3353654,-0.2699743,1.069859,-0.3653406,-0.2438101,1.111425,0.8522696,-0.02913203,1.374398,-0.2778832,-0.1644271,1.098383,-0.1672219,-0.2079527,1.081583,0.6526175,-0.2134825,1.190359,0.7238978,-0.1333417,1.191915
0.3496232,-0.2074466,1.67398,0.6772758,-0.1382925,1.743693,0.9908808,-0.06440475,1.806257,1.105418,-0.03187697,1.863948,0.835946,0.06839634,1.696909,0.693108,-0.02662296,1.534703,0.8710719,-0.1403559,1.499767,0.9269695,-0.172904,1.513173,1.006331,-0.186994,1.823688,0.871539,-0.2616456,1.620413,0.6532108,-0.2767378,1.58461,0.590435,-0.252165,1.58412,0.336383,-0.1447842,1.639088,-0.07765654,-0.1961906,1.481467,-0.4292139,-0.1805425,1.40992,-0.4691763,-0.2250491,1.328905,0.3493716,-0.261885,1.642007,0.04971271,-0.3068707,1.713515,-0.3135949,-0.2676685,1.568262,-0.3845063,-0.2348234,1.454996,0.9146191,-0.0831124,1.792233,0.967734,-0.1853321,1.491575,0.9071083,-0.1978703,1.51332,0.5060826,-0.2586651,1.541336,0.5736831,-0.2124721,1.543059
0.3503138,-0.1107416,1.339677,0.6513352,-0.09879367,1.379154,0.936881,-0.08708971,1.408167,0.8613624,-0.1370581,1.41863,0.8760459,0.0395144,1.449966,0.6387717,-0.04193324,1.458109,0.7533509,-0.1308637,1.347859,0.7951308,-0.154353,1.299573,0.9347134,-0.006447454,1.449917,0.7126119,-0.09003562,1.358067,0.4797964,-0.04187879,1.283065,0.4145735,-0.04402511,1.215007,0.3290622,-0.07261947,1.339639,-0.05786385,-0.1741592,1.34244,-0.3599594,-0.2344752,1.094835,-0.3283472,-0.270774,0.9753798,0.353879,-0.1433379,1.271759,-0.08067268,-0.1996215,1.286201,-0.3559601,-0.2603015,1.10764,-0.3246012,-0.2959586,0.9882465,0.8677353,-0.08971154,1.402575,0.8224508,-0.2020829,1.303303,0.7536097,-0.1501509,1.263956,0.3252955,-0.00642843,1.207581,0.326911,-0.001359349,1.218044
0.3531646,-0.2660481,1.430575,0.6422705,-0.1137142,1.479685,0.9119503,0.02888814,1.516977,0.9798906,0.1198618,1.562815,0.730695,-0.1233105,1.415592,0.5113913,-0.2268307,1.344418,0.2675455,-0.2362833,1.303284,0.2213845,-0.2084692,1.312822,0.8429513,-0.1055321,1.430364,0.9812605,-0.2584811,1.466473,0.7451497,-0.2353594,1.390637,0.6682155,-0.2206057,1.373245,0.3394774,-0.2626757,1.434526,0.02365174,-0.2333871,1.324931,-0.3638938,-0.2297987,1.256247,-0.3454043,-0.269387,1.135679,0.3489483,-0.2610196,1.359997,0.0487623,-0.2124937,1.497366,-0.3306647,-0.2923225,1.440089,-0.3933223,-0.2545099,1.322126,0.8472624,-0.005409123,1.509722,0.1463764,-0.1952387,1.336227,0.2389959,-0.1721177,1.314488,0.5996693,-0.2218339,1.354583,0.6636691,-0.1637174,1.355154
0.3575721,-0.9093368,2.442215,0.6007479,-0.9493416,2.47804,0.8305991,-0.9801466,2.512385,0.9606467,-0.9261683,2.569771,0.8594754,-0.8276799,2.462755,0.9059897,-0.6111998,2.582596,0.652533,-0.6022131,2.519933,0.5835722,-0.5517821,2.517084,0.9043986,-0.9697356,2.342086,0.7707453,-0.9840057,2.190376,0.6090205,-0.9579983,2.281346,0.5637989,-0.9481474,2.326002,0.3487321,-0.845885,2.439224,-0.01390021,-0.9008783,2.556525,-0.0007184492,-0.5388533,2.410831,-0.08920255,-0.5066473,2.399568,0.3556184,-0.9481806,2.382866,0.08979237,-0.9111875,2.090298,-0.05322355,-0.9935054,2.421607,-0.05849668,-1.062627,2.343168,0.7748205,-0.9727628,2.505009,0.5247634,-0.5135986,2.520614,0.5931597,-0.5901253,2.453743,0.496535,-0.9267514,2.317341,0.5033528,-0.9691493,2.229556
0.3594694,-0.9209163,2.531717,0.6385666,-0.9123134,2.507299,0.904591,-0.9006234,2.478212,1.031522,-0.9412949,2.484963,0.9311205,-0.7518578,2.537876,1.137698,-0.7281401,2.614073,0.8798722,-0.7191168,2.574508,-0.3137273,-0.6363245,2.459799,0.8999623,-0.8836271,2.432387,0.7974333,-0.9786006,2.235387,0.9707144,-0.9507835,2.162913,1.002867,-0.9605903,2.217795,0.3599367,-0.8658838,2.504757,0.115803,-0.9383841,2.09305,-0.07933847,-0.7358869,2.147527,-0.1543528,-0.6931965,2.068356,0.3485746,-0.9510789,2.492687,-0.03098276,-0.9751652,2.228792,0.1566463,-0.9357858,1.977063,0.2100681,-0.8193699,1.906619,0.8392891,-0.9034487,2.486834,-0.3737237,-0.645851,2.478899,-0.2856661,-0.6071964,2.438136,1.014948,-0.9611989,2.215786,0.9824483,-0.9476177,2.181
0.3598726,-0.267027,1.429053,0.6441925,-0.1142952,1.480576,0.9102243,0.0285375,1.518326,0.9808666,0.1180827,1.564599,0.7321403,-0.1178165,1.417806,0.5145332,-0.2242156,1.345648,0.2708225,-0.2352181,1.304006,0.2241585,-0.2070207,1.313102,0.8421197,-0.1040201,1.428939,0.9790425,-0.2570051,1.46462,0.7424104,-0.2360027,1.389872,0.6643866,-0.2226957,1.372796,0.3422453,-0.2555083,1.43333,0.02085302,-0.2349395,1.346736,-0.365094,-0.2333308,1.269141,-0.3490467,-0.2755962,1.149785,0.3605426,-0.267823,1.355315,0.08862318,-0.2065824,1.495702,-0.2922266,-0.2845642,1.444671,-0.3644736,-0.2531041,1.332256,0.8457468,-0.006010866,1.511033,0.1501321,-0.1942302,1.333463,0.2411344,-0.170122,1.315538,0.5962272,-0.2258964,1.354379,0.681877,-0.1672919,1.355161
0.3638152,-0.2600499,1.467718,0.6477782,-0.1127374,1.50287,0.9125796,0.02843959,1.518589,0.9842616,0.1174125,1.565337,0.7304332,-0.1245243,1.4157,0.5084699,-0.2221999,1.34422,0.2647181,-0.2333115,1.303011,0.2349206,-0.2035703,1.315205,0.8439463,-0.111014,1.431699,0.9705839,-0.252114,1.463705,0.7338023,-0.2347137,1.388532,0.6557326,-0.2218549,1.370313,0.3159086,-0.2410805,1.472947,0.007426746,-0.24097,1.338563,-0.3777807,-0.2398231,1.257123,-0.354741,-0.2771277,1.136185,0.3872851,-0.2663161,1.390972,0.0794644,-0.1578616,1.316303,-0.3027943,-0.2128743,1.367394,-0.3903838,-0.2074414,1.269679,0.8488944,-0.0068205,1.517744,0.1683566,-0.1839264,1.351985,0.2763683,-0.1490088,1.328833,0.5875388,-0.2276445,1.352531,0.6649669,-0.1668333,1.354098
0.3707483,-0.2503142,1.441694,0.6516625,-0.1074068,1.483213,0.9119335,0.02880931,1.515929,0.9791642,0.1201506,1.561442,0.7351824,-0.1065208,1.418932,0.5207689,-0.2194116,1.347357,0.2765728,-0.2175962,1.306924,0.22916,-0.1921243,1.323007,0.8359628,-0.1077377,1.428731,0.9780663,-0.2544358,1.46502,0.7417426,-0.2333654,1.389324,0.6635194,-0.2182582,1.369958,0.3472091,-0.2192849,1.479654,0.03861193,-0.2404818,1.347159,-0.3466757,-0.2381156,1.265077,-0.3262286,-0.2755846,1.143719,0.3751772,-0.2467045,1.35406,-0.01085045,-0.2149962,1.502583,-0.3900831,-0.2931806,1.445256,-0.4594503,-0.2605691,1.332869,0.8485305,-0.004187167,1.5097,0.1548637,-0.1899626,1.340059,0.2445863,-0.1560689,1.328811,0.5959629,-0.2220654,1.352927,0.6719806,-0.1634368,1.352141
0.3721741,-0.9408675,2.704954,0.6628844,-0.9556761,2.76192,0.9436995,-0.9660769,2.808017,1.071111,-0.9873002,2.812964,0.9044138,-0.7891277,2.773133,0.9923019,-0.7383592,2.565686,0.7431704,-0.7191724,2.61112,0.2782136,-0.7137346,2.671628,0.8619614,-1.053089,2.720847,0.6204203,-1.060686,2.619656,0.5152696,-1.009748,2.385883,0.4417202,-0.9760002,2.253056,0.365793,-0.8695397,2.682839,-0.07184035,-0.8391557,2.458507,-0.3570611,-0.8998505,2.500371,-0.4311039,-0.9026629,2.419646,0.3695182,-0.9887242,2.66001,-0.05624446,-0.9972077,2.366241,-0.3281978,-1.0481,2.417831,-0.3936717,-1.024991,2.316954,0.8748566,-0.9642131,2.798485,0.1988014,-0.6999419,2.665455,0.2745491,-0.6655027,2.694154,0.460107,-0.9572599,2.191735,0.4724043,-0.9547313,2.2035
0.3857138,-0.2163823,1.463363,0.6414791,-0.208173,1.476782,0.8869197,-0.2030498,1.479819,0.9557174,-0.1282724,1.468827,0.878585,-0.07466596,1.453739,0.8487945,0.1095831,1.59029,1.042412,-0.01850947,1.529985,1.039349,-0.07529075,1.517588,0.8341886,-0.1413444,1.415881,0.9705876,-0.234781,1.443694,0.7542742,-0.2443765,1.416644,0.7053163,-0.2416802,1.371358,0.3673774,-0.1714833,1.45912,-0.02834349,-0.2427657,1.344245,-0.4114341,-0.2082948,1.261153,-0.3862597,-0.2556191,1.145615,0.3915974,-0.2526291,1.391995,0.1048216,-0.3738169,1.443344,-0.2744302,-0.2847102,1.47273,-0.3468995,-0.2129891,1.387336,0.8274339,-0.2041888,1.480557,1.074215,-0.09075633,1.565436,1.065647,-0.08678095,1.553079,0.6710899,-0.226272,1.343841,0.6991484,-0.1885819,1.32692
0.3864923,-0.1517293,1.68436,0.6767339,-0.1619402,1.678903,0.9541405,-0.1714062,1.665665,0.9429931,-0.2662794,1.735144,0.7490084,0.0304917,1.682888,0.5756038,0.1231911,1.705164,0.3840403,0.09968363,1.662938,0.3546332,0.07374352,1.655106,0.9199409,0.00891108,1.591636,1.050078,-0.1788894,1.559686,0.8061251,-0.2238652,1.54059,0.7409467,-0.24393,1.556015,0.3694393,-0.140035,1.660387,0.04585677,0.02269997,1.387955,-0.2334951,-0.1561969,1.481487,-0.2267554,-0.2534539,1.451986,0.3881652,-0.1566693,1.640567,-0.02541696,-0.2388623,1.493662,-0.4379955,-0.2520737,1.548205,-0.4959228,-0.2625368,1.464876,0.8867151,-0.1692546,1.670514,0.3115547,0.04357167,1.627204,0.3396204,0.1150317,1.5857,0.6957586,-0.2699721,1.536299,0.7109708,-0.2034081,1.525095
0.3873042,-0.1377311,1.702777,0.6710404,-0.1535988,1.688681,0.9606715,-0.1795601,1.668852,0.9496291,-0.2745785,1.738253,0.7700979,0.0142133,1.690724,0.586223,0.1198816,1.729919,0.4041592,0.135971,1.712027,0.3754247,0.103093,1.697809,0.9264751,0.0007532318,1.594843,1.047185,-0.1953657,1.546782,0.800813,-0.2263108,1.543827,0.7420751,-0.2419627,1.568738,0.3744234,-0.1299424,1.680681,0.06012693,0.0714417,1.425215,-0.2204454,-0.1498341,1.501928,-0.2140551,-0.247112,1.472494,0.3844251,-0.1372684,1.657193,-0.01937183,-0.2426392,1.497125,-0.436409,-0.257381,1.556124,-0.4929936,-0.2625701,1.469902,0.8883853,-0.1723159,1.675181,0.3277244,0.08350805,1.669263,0.3500658,0.1213126,1.630784,0.6915829,-0.2650877,1.546387,0.7111605,-0.1989245,1.53182
0.388198,-0.1501919,1.688935,0.6730077,-0.1596908,1.68121,0.9479449,-0.1704174,1.667276,0.936656,-0.2652733,1.736833,0.7539995,0.03224183,1.693154,0.578862,0.1230298,1.718178,0.3915933,0.09907336,1.673239,0.3600784,0.07528233,1.667486,0.9137535,0.009903382,1.59324,1.048616,-0.1850964,1.559322,0.8037256,-0.2254447,1.545955,0.7392225,-0.2455018,1.561858,0.3731514,-0.1384541,1.665838,0.04755511,0.02384521,1.395724,-0.2361146,-0.1604645,1.486749,-0.2293356,-0.2575442,1.457255,0.3890764,-0.1550454,1.643932,-0.02347174,-0.2404652,1.495883,-0.4368127,-0.2566916,1.555702,-0.4926911,-0.2624187,1.468676,0.8798769,-0.1669559,1.672033,0.2759409,0.05229325,1.607546,0.353018,0.1131782,1.6422,0.6895662,-0.2704381,1.542384,0.7119718,-0.204394,1.528736
0.3883195,-0.8778546,2.467695,0.6966936,-0.925454,2.497804,0.9871703,-0.9625057,2.508629,1.121108,-0.9546705,2.488178,0.962135,-0.7798233,2.523735,1.068804,-0.7162493,2.369385,1.027926,-0.7436484,2.552258,0.9837719,-0.7136691,2.564574,0.9767811,-0.9978527,2.370725,0.797159,-0.9761637,2.226925,0.6077542,-0.9586254,2.19239,0.5690036,-0.9697707,2.238994,0.3854724,-0.8222672,2.46732,0.05712117,-0.8606063,2.177886,-0.2521935,-0.752735,2.031442,-0.2582653,-0.6756059,1.910108,0.3806255,-0.9095983,2.401857,0.0248184,-0.8859228,2.483825,-0.2946308,-0.9751852,2.299652,-0.2898143,-0.9484614,2.141249,0.9155946,-0.953335,2.506357,0.9632611,-0.68619,2.614392,0.9299155,-0.7232034,2.536247,0.5150796,-0.9744161,2.241914,0.5779385,-0.9637766,2.248622
0.3931969,-0.147965,1.682986,0.6839696,-0.1541921,1.679619,0.9628882,-0.1635818,1.666404,0.951946,-0.258203,1.735823,0.7804594,0.008720274,1.696583,0.5832228,0.09678583,1.781368,0.4037935,0.1280566,1.758786,0.3715898,0.1018429,1.749157,0.9286665,0.01671066,1.59236,1.069936,-0.1725625,1.542263,0.8245016,-0.2093435,1.538596,0.7624354,-0.2295162,1.568362,0.3825661,-0.1397867,1.664876,0.0005975079,-0.07195845,1.433751,-0.3541539,-0.1596394,1.516318,-0.4187851,-0.1952684,1.45943,0.3904794,-0.1473302,1.633125,-0.008283939,-0.2502156,1.456142,-0.3629285,-0.2541196,1.517698,-0.4607257,-0.2593834,1.450269,0.8957224,-0.1621255,1.67146,0.3213143,0.08417344,1.721351,0.3896867,0.07407375,1.749,0.7065514,-0.2540506,1.533355,0.7267476,-0.1873335,1.531399
0.3952119,-0.2762629,1.532081,0.6459385,-0.1361016,1.515818,0.8631422,0.02631404,1.491141,0.8685296,-0.01625102,1.450686,0.826385,0.06754792,1.550874,0.8251427,-0.1322503,1.396123,1.01698,-0.133989,1.340138,1.027528,-0.05369338,1.344054,0.9864653,-0.1626939,1.493517,0.8471771,-0.2680283,1.306744,0.6699312,-0.2218652,1.371575,0.6113442,-0.1955696,1.386803,0.3725665,-0.2039358,1.503414,0.09451768,-0.04151486,1.408571,-0.2824374,-0.1316932,1.340232,-0.2809364,-0.1719056,1.21666,0.4006748,-0.3365366,1.494182,-0.01907365,-0.2329166,1.376752,-0.3715188,-0.299482,1.512607,-0.4435615,-0.2623512,1.402608,0.8090307,-0.0133996,1.49754,1.037296,-0.04171205,1.342824,0.999068,-0.04202241,1.347946,0.5462843,-0.1689289,1.389336,0.6486429,-0.1417164,1.359081
0.4029587,-0.8666945,2.13397,0.7399986,-0.8417793,2.132819,1.063614,-0.8079911,2.120426,1.208068,-0.8454784,2.1645,0.7379228,-0.7140893,1.995077,0.5244131,-0.6322767,1.991777,0.2842957,-0.5619201,2.048855,0.2125913,-0.5668585,2.04739,0.9787435,-0.842476,1.972699,0.7382817,-0.9180191,1.891026,0.5879253,-0.7907972,1.726468,0.5822881,-0.8116083,1.723299,0.3971092,-0.8124401,2.106016,0.02364765,-0.8284634,2.040216,-0.2870673,-0.809831,1.851033,-0.2354662,-0.8185092,1.702659,0.3961462,-0.894739,2.096883,0.03853951,-0.9327495,2.160125,-0.1740749,-0.9081064,1.837135,-0.1732086,-0.8608453,1.682312,0.9846618,-0.8171691,2.125228,0.1411105,-0.5574763,1.999476,0.2313295,-0.6167522,2.078856,0.5563876,-0.7843487,1.697517,0.5551961,-0.777992,1.7313
0.4069732,-0.2764526,1.431212,0.6613913,-0.1277471,1.461612,0.8887117,0.03171027,1.480716,0.9696159,0.1144466,1.534116,0.7320163,-0.09233163,1.41838,0.7070042,-0.1808514,1.556213,0.9029074,-0.2884991,1.46602,0.9312015,-0.3407647,1.467422,0.8234079,-0.1272655,1.405061,0.9510105,-0.2238138,1.450515,0.7130349,-0.2155429,1.377819,0.638904,-0.2023191,1.366723,0.3487799,-0.2189382,1.439583,0.03487606,-0.230117,1.319449,-0.3537846,-0.2271092,1.257984,-0.3433338,-0.2693726,1.138202,0.4487547,-0.3308151,1.358349,0.2285471,-0.1704342,1.505965,-0.06783494,-0.316663,1.402237,-0.1271426,-0.2338096,1.307354,0.8346588,-0.006937135,1.476988,0.9581723,-0.3480352,1.470947,0.928997,-0.3494704,1.483932,0.5696906,-0.2139812,1.353037,0.6341672,-0.1469211,1.354674
0.4175911,-0.8143025,2.232889,0.7758327,-0.8126302,2.245798,1.122351,-0.8077282,2.251819,1.136912,-0.8851271,2.217864,0.9444619,-0.6819076,2.182589,0.6962466,-0.6277758,2.237278,0.439744,-0.5992596,2.244944,0.4157549,-0.5906898,2.221532,0.9719415,-0.6322579,2.233218,0.9101645,-0.8231725,2.062,0.6904382,-0.9263006,1.967673,0.64714,-0.9459127,1.969659,0.4329744,-0.8299941,2.21518,0.05626504,-0.8337535,2.174315,-0.22048,-0.792061,1.908864,-0.1539865,-0.7969559,1.76737,0.3893188,-0.7742393,2.184411,0.03784879,-0.8492894,2.047115,-0.2827476,-0.839359,1.847013,-0.3533457,-0.8971888,1.853225,1.037753,-0.8098671,2.252348,0.3427892,-0.5720512,2.255274,0.4683363,-0.5809395,2.2838,0.6089524,-0.9376471,1.89625,0.6716025,-0.9024073,1.89775
0.42193,-0.1324655,1.66373,0.6742733,-0.1268911,1.669258,0.9077845,-0.1229924,1.670287,0.8957418,-0.2166725,1.740461,0.9103065,0.03627532,1.665565,0.705235,0.04482313,1.57746,0.530709,0.05901819,1.513626,0.5334165,0.05972416,1.528064,1.011414,-0.03341647,1.657876,1.030219,-0.2602793,1.575041,0.801875,-0.1781646,1.516547,0.7240005,-0.1668769,1.548215,0.4110798,-0.08930837,1.661045,0.001856374,-0.1700844,1.497965,-0.4405867,-0.2138764,1.420737,-0.493827,-0.2575307,1.304762,0.4191978,-0.1690495,1.605551,0.1217195,-0.03289667,1.559508,-0.2417054,-0.1756416,1.531757,-0.3245582,-0.2049558,1.431218,0.8520333,-0.1242758,1.671561,0.5145432,0.02808265,1.495146,0.5405253,0.06805237,1.483936,0.6437002,-0.1537523,1.451593,0.7202052,-0.1068454,1.554591
0.4966277,-0.05825115,1.685743,0.2897641,-0.08862145,1.781728,0.09146435,-0.1151608,1.864475,-0.04758419,-0.1128609,1.930326,0.03767547,-0.2246359,1.875206,0.2443721,-0.1781206,1.732638,0.05913963,-0.1142123,1.761773,-0.002171572,-0.09321944,1.774446,0.1198521,0.03807083,1.907732,0.3278418,0.05565348,1.827748,0.2274821,0.1177115,2.057785,0.1946233,0.1384653,2.137448,0.4692025,-0.116229,1.674154,0.7165551,-0.03244935,1.474954,0.7668582,-0.1736386,1.336825,0.7097592,-0.1301889,1.369331,0.5082826,0.002593273,1.644585,0.7945837,0.1003074,1.552739,0.8155611,-0.1001235,1.39996,0.6970215,-0.1325629,1.382822,0.1399649,-0.1080574,1.846168,-0.02712905,-0.06205753,1.773097,0.02144588,-0.14336,1.749006,0.2327279,0.1595762,2.097114,0.1705947,0.09482412,2.090324
0.5802737,-0.8333831,1.110789,0.5814369,-0.5839833,1.10161,0.5750607,-0.336091,1.078558,0.6596966,-0.2344174,1.124053,0.5093136,-0.4171848,1.121303,0.5845153,-0.6127803,0.9283053,0.7876697,-0.546487,0.8213542,0.857034,-0.5261973,0.7884448,0.7777231,-0.4042363,1.154057,0.6235242,-0.3579803,0.9565155,0.4625056,-0.5458817,0.8176844,0.4106246,-0.6096852,0.7742105,0.4564683,-0.8157689,1.057349,0.3305993,-1.185765,0.9857132,0.2276285,-1.52819,0.9417994,0.2240885,-1.545115,0.8182779,0.6765223,-0.8122353,1.112412,0.7289133,-1.118699,1.308505,0.7884025,-1.406194,1.50386,0.8143333,-1.484201,1.437361,0.5779315,-0.3978143,1.086671,0.9642133,-0.5655776,0.8294809,0.8612733,-0.5994167,0.800591,0.3595401,-0.6777189,0.7995761,0.4241387,-0.6062467,0.7343362
